ReviewID,CustomerID,ProductID,ReviewDate,Rating,ReviewText
3,50,13,26-01-2025,4,Five  stars  for  the  quick  delivery.
6,81,1,21-12-2025,4,Customer  support  was  very  helpful.
9,3,13,01-09-2023,4,"I  love  this  product,  will  buy  again!"
11,54,9,17-07-2023,4,"Great  purchase,  very  satisfied."
14,23,2,16-06-2025,4,"Good  quality,  but  could  be  cheaper."
18,17,16,23-11-2024,4,Shipping  was  fast  and  the  item  was  well-packaged.
19,34,13,04-01-2024,4,The  quality  is  top-notch.
22,52,3,30-10-2025,4,The  quality  is  top-notch.
25,55,20,19-12-2024,4,Shipping  was  fast  and  the  item  was  well-packaged.
26,76,11,21-08-2024,4,Five  stars  for  the  quick  delivery.
27,56,6,24-11-2025,4,The  quality  is  top-notch.
29,38,13,31-05-2023,4,"I  love  this  product,  will  buy  again!"
30,84,6,18-03-2024,4,Five  stars  for  the  quick  delivery.
32,91,1,15-07-2023,4,The  quality  is  top-notch.
33,30,2,21-02-2023,4,Shipping  was  fast  and  the  item  was  well-packaged.
43,84,15,02-02-2025,4,Exceeded  my    expectations!
46,27,5,07-05-2025,4,Five  stars  for  the  quick  delivery.
47,19,13,01-06-2024,4,Five  stars  for  the  quick  delivery.
48,70,17,08-10-2023,4,Shipping  was  fast  and  the  item    was  well-packaged.
51,49,17,14-04-2023,4,Five  stars  for  the  quick  delivery.
52,75,11,07-04-2024,4,"I  love  this  product,  will  buy  again!"
53,73,18,28-12-2025,4,Five  stars  for    the  quick  delivery.
59,98,9,01-09-2024,4,The  build  quality  is  impressive.
60,11,16,27-12-2023,4,"Great  purchase,  very  satisfied."
61,50,19,24-02-2023,4,"Great  purchase,    very  satisfied."
63,93,2,05-01-2025,4,Five  stars  for  the  quick  delivery.
64,86,11,30-10-2025,4,Customer  support  was  very  helpful.
66,94,16,17-06-2023,4,"I  love  this  product,  will  buy    again!"
70,93,5,30-01-2024,4,Shipping  was  fast    and  the  item  was  well-packaged.
76,9,10,31-08-2025,4,"Great  purchase,  very  satisfied."
77,74,5,15-03-2023,4,"Great  purchase,    very  satisfied."
81,3,19,04-09-2024,4,Five  stars  for  the  quick  delivery.
82,78,13,02-05-2023,4,Shipping    was  fast  and  the  item  was  well-packaged.
83,32,11,26-05-2025,4,The  quality  is    top-notch.
84,40,20,17-07-2023,4,"Good  quality,  but  could  be  cheaper."
88,93,19,26-08-2025,4,Exceeded  my  expectations!
90,47,17,12-11-2025,4,Five  stars  for  the  quick  delivery.
94,2,16,14-03-2025,4,The  quality  is  top-notch.
95,16,16,07-04-2024,4,Shipping  was  fast  and  the  item  was  well-packaged.
104,96,5,06-01-2023,4,"I  love    this  product,  will  buy  again!"
109,38,10,25-07-2023,4,Customer  support  was  very  helpful.
110,54,12,02-08-2024,4,Customer    support  was  very  helpful.
111,43,7,05-11-2023,4,Five  stars  for  the  quick  delivery.
115,82,9,28-09-2023,4,Five  stars  for  the  quick  delivery.
116,70,18,23-07-2023,4,The  quality  is  top-notch.
117,20,14,19-04-2025,4,Customer  support  was  very  helpful.
119,34,5,06-09-2025,4,"Great  purchase,  very    satisfied."
120,3,20,18-08-2024,4,The  quality  is  top-notch.
123,93,1,22-09-2025,4,"Good  quality,  but  could  be  cheaper."
127,47,8,25-03-2025,4,"Great  purchase,  very  satisfied."
129,46,13,14-02-2025,4,"Good  quality,  but  could  be  cheaper."
133,40,4,24-05-2025,4,The  quality  is  top-notch.
135,48,14,08-06-2023,4,"I  love  this  product,  will  buy  again!"
137,88,6,02-03-2023,4,"Good  quality,  but  could    be  cheaper."
139,36,16,20-04-2023,4,Customer  support  was  very  helpful.
144,27,15,16-08-2025,4,The  build  quality  is  impressive.
146,5,13,09-01-2025,4,"I  love  this  product,  will  buy  again!"
149,50,3,20-12-2023,4,The  quality  is  top-notch.
154,3,12,19-12-2023,4,The  quality  is  top-notch.
155,89,3,10-12-2025,4,Customer  support  was  very  helpful.
165,97,3,03-06-2025,4,The  quality  is  top-notch.
174,91,8,23-06-2024,4,"I  love  this  product,  will  buy  again!"
177,93,19,03-07-2025,4,"I  love  this  product,  will  buy  again!"
178,17,20,25-05-2025,4,The  quality  is    top-notch.
179,46,20,26-11-2025,4,"Great  purchase,  very  satisfied."
180,77,5,08-03-2023,4,"Great  purchase,    very  satisfied."
181,4,3,09-08-2024,4,The  build  quality  is  impressive.
183,13,5,08-06-2025,4,"Great  purchase,  very  satisfied."
184,59,5,29-12-2024,4,Shipping  was  fast  and  the  item  was  well-packaged.
186,22,13,17-02-2023,4,The  quality  is  top-notch.
187,58,18,01-05-2025,4,The  quality  is  top-notch.
191,68,3,05-09-2024,4,"Great  purchase,    very  satisfied."
197,51,15,27-11-2024,4,"I  love  this  product,    will  buy  again!"
204,95,14,29-11-2024,4,"Great  purchase,  very    satisfied."
206,72,14,22-08-2023,4,Shipping  was  fast  and  the  item  was  well-packaged.
207,95,18,07-06-2025,4,"I  love  this  product,  will  buy  again!"
208,94,8,25-03-2023,4,"Great  purchase,  very  satisfied."
211,84,12,07-03-2025,4,Five  stars  for  the  quick  delivery.
218,35,8,14-09-2024,4,The  quality  is  top-notch.
219,90,9,18-02-2023,4,Five  stars  for  the  quick  delivery.
221,26,2,21-10-2024,4,The  build  quality  is  impressive.
224,68,15,27-03-2023,4,"Great  purchase,    very  satisfied."
227,74,11,10-08-2024,4,"Good    quality,  but  could  be  cheaper."
229,69,12,07-02-2023,4,The    quality  is  top-notch.
235,54,3,18-03-2024,4,Customer  support  was  very  helpful.
237,44,2,29-09-2025,4,The  quality  is  top-notch.
238,47,9,18-04-2023,4,"Great  purchase,  very  satisfied."
241,61,15,22-04-2024,4,Five  stars  for  the  quick  delivery.
242,20,20,07-06-2025,4,The  quality  is  top-notch.
244,36,4,25-08-2023,4,"Great  purchase,  very  satisfied."
246,71,12,23-07-2023,4,The    quality  is  top-notch.
251,16,2,01-02-2024,4,"Good  quality,  but  could  be  cheaper."
256,91,3,11-02-2024,4,"Good  quality,  but  could  be  cheaper."
258,34,7,13-05-2025,4,"Great    purchase,  very  satisfied."
261,29,12,15-10-2024,4,Customer  support  was  very  helpful.
263,47,8,21-10-2024,4,Customer  support  was  very  helpful.
264,96,18,19-08-2025,4,Shipping  was  fast  and  the    item  was  well-packaged.
265,22,19,14-05-2024,4,"I  love  this  product,  will  buy  again!"
269,75,4,18-11-2023,4,The  quality  is  top-notch.
275,45,12,03-04-2023,4,Five  stars  for  the  quick  delivery.
277,22,6,21-03-2025,4,The  quality  is  top-notch.
280,68,19,09-11-2023,4,"Good  quality,  but  could  be  cheaper."
281,71,5,19-11-2025,4,"I  love  this  product,  will  buy  again!"
284,89,13,01-09-2023,4,"Great  purchase,  very  satisfied."
285,29,3,25-08-2023,4,"Good  quality,  but  could    be  cheaper."
296,85,18,13-12-2023,4,The    quality  is  top-notch.
298,41,15,13-06-2025,4,Five  stars  for  the  quick  delivery.
301,6,7,30-05-2023,4,"I  love  this  product,  will  buy  again!"
303,20,10,25-04-2024,4,"Great  purchase,  very  satisfied."
305,87,7,25-08-2023,4,Customer  support  was  very  helpful.
311,52,11,14-11-2023,4,Shipping  was  fast  and  the  item  was  well-packaged.
313,13,3,14-01-2024,4,"I    love  this  product,  will  buy  again!"
315,32,7,13-06-2025,4,The  quality  is  top-notch.
318,97,4,15-12-2023,4,"Good  quality,  but  could  be  cheaper."
320,79,17,24-02-2023,4,The  quality  is  top-notch.
321,58,12,17-04-2024,4,"Good  quality,  but  could  be  cheaper."
322,76,13,01-12-2024,4,"Great    purchase,  very  satisfied."
323,47,4,24-04-2023,4,Shipping  was    fast  and  the  item  was  well-packaged.
324,89,5,08-07-2024,4,Shipping  was  fast  and  the  item    was  well-packaged.
325,78,6,17-04-2023,4,"Good  quality,  but  could  be  cheaper."
326,17,14,15-06-2024,4,The  quality  is  top-notch.
327,95,8,25-08-2023,4,The  quality  is  top-notch.
330,22,14,18-03-2023,4,The  quality  is  top-notch.
333,87,5,02-06-2024,4,"I  love  this  product,  will  buy  again!"
342,19,4,15-06-2025,4,The  build  quality  is  impressive.
345,48,4,24-07-2024,4,"I  love  this  product,  will  buy  again!"
357,1,3,01-04-2024,4,Five  stars  for  the  quick  delivery.
363,17,15,15-04-2025,4,"Good  quality,  but  could  be  cheaper."
369,48,4,19-12-2024,4,Customer  support  was  very  helpful.
370,73,6,13-04-2023,4,The  quality  is  top-notch.
372,91,6,10-05-2023,4,"I  love  this  product,  will    buy  again!"
380,52,4,23-02-2024,4,"I  love    this  product,  will  buy  again!"
382,38,7,03-09-2023,4,"Good  quality,    but  could  be  cheaper."
385,81,5,09-06-2023,4,Five  stars  for  the  quick  delivery.
395,35,9,12-04-2025,4,The  quality  is  top-notch.
397,11,14,23-04-2024,4,The  quality  is  top-notch.
401,93,18,13-04-2024,4,"Good  quality,  but  could  be  cheaper."
402,68,12,16-12-2025,4,The  build  quality  is  impressive.
404,90,7,04-06-2025,4,The  quality  is  top-notch.
412,83,7,10-05-2024,4,Customer  support  was  very  helpful.
414,59,14,31-07-2025,4,"I  love  this  product,  will  buy  again!"
422,81,17,30-09-2025,4,The  quality  is  top-notch.
424,53,11,21-03-2024,4,Customer  support  was  very  helpful.
426,74,17,07-04-2024,4,Shipping  was  fast  and  the  item  was  well-packaged.
427,81,11,20-08-2025,4,Five  stars  for  the  quick  delivery.
429,71,2,08-06-2023,4,Customer    support  was  very  helpful.
432,31,18,14-02-2025,4,"I  love  this  product,  will  buy  again!"
436,11,1,03-01-2024,4,Shipping  was  fast    and  the  item  was  well-packaged.
447,38,2,19-08-2024,4,Shipping    was  fast  and  the  item  was  well-packaged.
448,75,12,25-12-2025,4,"Excellent  product,  highly  recommend!"
452,42,19,28-08-2024,4,"Good  quality,  but  could  be  cheaper."
453,100,2,23-04-2023,4,Customer  support  was  very  helpful.
454,27,9,17-09-2025,4,Customer  support    was  very  helpful.
458,42,20,05-07-2025,4,"Good  quality,  but  could  be  cheaper."
459,90,17,16-06-2023,4,Five  stars  for  the  quick  delivery.
460,92,16,09-08-2025,4,"Good  quality,  but  could  be  cheaper."
461,66,5,11-10-2025,4,The  quality  is  top-notch.
464,73,11,28-05-2024,4,"Great  purchase,  very    satisfied."
469,54,13,06-10-2023,4,Customer  support  was  very  helpful.
470,46,1,24-10-2025,4,Customer  support  was  very  helpful.
472,69,8,05-12-2024,4,Shipping  was  fast  and  the  item  was  well-packaged.
475,74,20,18-04-2023,4,The  quality  is  top-notch.
476,54,10,12-12-2023,4,Customer  support    was  very  helpful.
477,91,10,25-04-2025,4,The    quality  is  top-notch.
479,7,13,28-12-2024,4,Customer  support  was  very  helpful.
481,21,2,02-12-2024,4,Shipping  was  fast  and  the  item  was  well-packaged.
489,15,8,09-11-2023,4,Five  stars    for  the  quick  delivery.
490,46,11,05-07-2025,4,Five  stars  for  the  quick  delivery.
491,59,6,22-06-2023,4,"Great  purchase,  very  satisfied."
495,56,7,26-04-2023,4,Customer  support  was  very  helpful.
497,90,6,21-02-2024,4,Customer  support  was  very  helpful.
499,72,6,26-08-2024,4,Shipping  was  fast  and  the  item  was  well-packaged.
501,39,12,01-12-2023,4,Customer  support  was    very  helpful.
504,35,8,18-01-2024,4,Five  stars  for  the  quick  delivery.
510,20,6,05-11-2024,4,"Great  purchase,  very  satisfied."
516,46,18,03-01-2025,4,The  quality    is  top-notch.
518,17,12,27-04-2024,4,"Good  quality,  but  could  be  cheaper."
524,27,4,01-09-2025,4,The  quality  is  top-notch.
525,1,1,23-11-2023,4,"I  love  this  product,  will  buy  again!"
529,19,11,05-05-2025,4,Five  stars    for  the  quick  delivery.
533,92,6,06-04-2024,4,The  quality  is  top-notch.
534,41,2,02-07-2025,4,"Great  purchase,  very  satisfied."
535,85,13,25-03-2023,4,"I  love  this  product,  will  buy  again!"
537,8,9,11-03-2023,4,Shipping  was  fast  and  the  item    was  well-packaged.
538,29,16,12-11-2025,4,"Good  quality,  but  could  be  cheaper."
539,74,17,02-12-2024,4,The  quality  is  top-notch.
545,45,13,11-06-2024,4,Customer  support  was  very  helpful.
549,73,15,06-04-2025,4,Five  stars  for  the  quick    delivery.
552,68,1,28-07-2023,4,"Great  purchase,  very  satisfied."
556,91,6,04-01-2025,4,"Great  purchase,  very  satisfied."
558,83,13,11-02-2025,4,"I  love  this  product,  will  buy  again!"
559,46,12,16-05-2024,4,"I  love  this  product,  will  buy  again!"
563,86,13,27-02-2025,4,"Good  quality,  but  could  be  cheaper."
566,89,10,15-08-2025,4,Five    stars  for  the  quick  delivery.
568,17,13,04-08-2024,4,"I  love  this  product,  will  buy  again!"
570,50,15,29-04-2025,4,Customer  support  was  very  helpful.
572,37,16,23-04-2025,4,"Great  purchase,  very    satisfied."
573,57,8,27-04-2024,4,Customer  support  was  very  helpful.
577,65,9,18-04-2024,4,"I  love  this  product,  will  buy  again!"
579,24,8,16-01-2024,4,"Good  quality,  but  could  be  cheaper."
581,69,18,19-03-2024,4,The  quality  is  top-notch.
584,70,20,04-12-2024,4,Exceeded  my  expectations!
585,87,12,23-10-2025,4,"I  love  this  product,  will  buy  again!"
595,46,5,18-09-2025,4,Exceeded    my  expectations!
608,7,9,21-03-2023,4,"Great  purchase,  very  satisfied."
612,38,2,17-06-2025,4,"I  love  this  product,  will  buy  again!"
617,29,15,22-12-2025,4,Customer  support  was  very  helpful.
618,45,7,21-08-2024,4,Shipping  was  fast  and  the  item    was  well-packaged.
622,30,4,22-12-2025,4,The  quality    is  top-notch.
630,31,10,14-08-2024,4,The  quality  is    top-notch.
631,73,12,30-10-2024,4,"Good  quality,  but  could  be    cheaper."
634,27,13,25-02-2024,4,"Good  quality,  but  could  be    cheaper."
636,37,13,18-12-2023,4,Shipping  was  fast  and  the  item  was  well-packaged.
647,68,2,03-01-2023,4,Customer  support  was    very  helpful.
648,76,5,19-03-2023,4,"I  love  this  product,  will  buy  again!"
650,28,3,08-11-2024,4,Five  stars  for  the  quick  delivery.
651,38,9,10-09-2024,4,"Good  quality,  but  could  be  cheaper."
655,63,16,06-04-2023,4,The  quality  is  top-notch.
662,15,5,24-03-2025,4,Shipping  was  fast  and  the  item  was  well-packaged.
667,80,14,08-01-2024,4,The  quality    is  top-notch.
669,19,19,31-12-2025,4,Five  stars  for  the  quick  delivery.
673,74,12,16-10-2025,4,Customer  support  was  very  helpful.
677,6,17,29-03-2024,4,Five    stars  for  the  quick  delivery.
680,60,20,12-06-2025,4,Exceeded  my    expectations!
688,32,12,07-07-2025,4,Customer  support  was  very  helpful.
689,34,16,23-04-2025,4,Customer  support  was  very  helpful.
690,61,19,11-10-2023,4,Five  stars  for  the  quick  delivery.
695,13,14,15-09-2023,4,Customer  support    was  very  helpful.
696,48,11,07-10-2023,4,Five  stars  for  the  quick  delivery.
697,13,7,21-09-2024,4,"Great  purchase,  very  satisfied."
700,14,2,23-11-2023,4,"I    love  this  product,  will  buy  again!"
713,55,12,12-12-2024,4,"I  love  this  product,  will  buy  again!"
714,76,2,11-01-2023,4,"Good  quality,  but  could  be  cheaper."
715,13,2,26-03-2024,4,"Great  purchase,  very  satisfied."
722,68,16,14-10-2025,4,The  quality  is  top-notch.
724,31,3,21-01-2024,4,Shipping  was  fast  and  the  item  was  well-packaged.
725,13,6,30-09-2025,4,The  quality  is  top-notch.
730,67,6,15-01-2025,4,The  quality  is    top-notch.
732,56,20,02-03-2025,4,"Excellent  product,  highly  recommend!"
733,75,13,07-11-2024,4,Customer  support  was  very  helpful.
735,22,15,02-03-2024,4,Customer  support  was  very  helpful.
738,3,12,22-08-2025,4,"Good  quality,  but  could  be  cheaper."
750,3,5,20-06-2024,4,The    quality  is  top-notch.
754,55,11,11-07-2025,4,The  quality  is  top-notch.
755,27,15,31-03-2024,4,"Great  purchase,  very  satisfied."
756,94,8,25-03-2025,4,"Good  quality,  but  could  be  cheaper."
757,8,13,27-09-2023,4,Shipping  was  fast  and  the  item  was  well-packaged.
762,39,13,31-05-2025,4,Shipping  was  fast  and  the  item  was  well-packaged.
766,83,7,31-07-2025,4,Five  stars  for  the  quick  delivery.
768,24,16,18-02-2023,4,Shipping  was  fast  and  the  item  was  well-packaged.
770,52,1,02-02-2025,4,Customer  support  was  very  helpful.
771,32,12,21-03-2025,4,"Good  quality,  but  could  be  cheaper."
772,62,4,13-09-2023,4,Five    stars  for  the  quick  delivery.
775,13,16,31-08-2025,4,"Great  purchase,  very    satisfied."
785,9,10,11-10-2025,4,"I  love  this  product,  will  buy  again!"
790,73,9,08-06-2024,4,Shipping  was  fast  and  the  item  was  well-packaged.
803,6,11,22-09-2023,4,"I  love  this  product,  will  buy  again!"
812,80,20,19-04-2025,4,"I  love  this  product,  will    buy  again!"
816,91,1,11-01-2024,4,"Great  purchase,    very  satisfied."
819,20,15,12-05-2024,4,Shipping  was  fast  and  the  item    was  well-packaged.
822,47,15,28-01-2023,4,"Great  purchase,  very  satisfied."
826,8,11,29-10-2024,4,"Great  purchase,  very  satisfied."
829,31,9,17-05-2023,4,"Great  purchase,  very  satisfied."
839,79,7,02-08-2024,4,Shipping    was  fast  and  the  item  was  well-packaged.
840,44,10,30-01-2023,4,The  quality  is  top-notch.
844,66,10,01-07-2023,4,"I  love  this  product,  will    buy  again!"
846,17,17,22-04-2024,4,The  quality  is  top-notch.
850,89,12,24-07-2023,4,The  quality  is  top-notch.
852,37,11,03-12-2024,4,Customer  support  was  very  helpful.
857,11,15,17-10-2023,4,"Great  purchase,  very  satisfied."
864,85,1,16-01-2025,4,Customer  support  was  very    helpful.
865,17,13,03-03-2025,4,"Good  quality,  but  could  be  cheaper."
868,10,14,01-11-2024,4,Customer  support  was  very  helpful.
869,18,3,02-02-2023,4,Five  stars  for  the  quick  delivery.
874,78,8,09-11-2025,4,The  build  quality  is  impressive.
875,44,20,27-11-2023,4,"Good  quality,  but  could  be  cheaper."
879,2,6,16-09-2023,4,"Great  purchase,  very  satisfied."
881,63,2,25-04-2023,4,"I  love  this  product,  will  buy  again!"
882,6,7,08-10-2024,4,"Great  purchase,  very  satisfied."
883,4,9,08-07-2023,4,"Great  purchase,  very  satisfied."
889,45,15,02-10-2024,4,"Great    purchase,  very  satisfied."
892,27,4,01-08-2025,4,"Great  purchase,  very    satisfied."
893,51,3,06-02-2024,4,Customer  support  was  very  helpful.
896,40,20,17-10-2025,4,Five  stars  for  the  quick  delivery.
899,89,9,02-01-2024,4,"Good  quality,  but  could  be  cheaper."
901,16,19,15-02-2023,4,The  quality  is  top-notch.
902,75,13,02-07-2025,4,"Great  purchase,  very  satisfied."
903,69,5,05-10-2025,4,Customer  support    was  very  helpful.
904,68,9,24-12-2025,4,Five  stars  for  the  quick  delivery.
906,92,17,27-02-2025,4,Five  stars  for  the  quick  delivery.
909,59,7,08-09-2023,4,"I  love  this  product,  will  buy  again!"
910,92,5,14-06-2023,4,The  quality  is  top-notch.
913,64,5,06-09-2024,4,Customer  support  was  very  helpful.
917,44,20,17-05-2025,4,The  quality  is  top-notch.
920,28,1,13-04-2025,4,Customer  support  was  very  helpful.
922,92,4,22-07-2025,4,"Good  quality,  but  could  be  cheaper."
926,86,12,17-06-2023,4,Five  stars  for  the  quick  delivery.
927,21,4,08-08-2024,4,"Good  quality,  but  could  be  cheaper."
928,10,9,25-05-2024,4,Customer  support  was  very  helpful.
930,83,19,05-08-2024,4,Five  stars  for  the  quick  delivery.
936,99,15,23-09-2023,4,"Good  quality,  but  could  be  cheaper."
937,96,9,08-06-2023,4,"Great  purchase,    very  satisfied."
940,15,12,12-09-2025,4,"Great    purchase,  very  satisfied."
941,13,9,21-05-2023,4,Five  stars  for  the  quick  delivery.
944,72,2,11-08-2024,4,The  quality  is  top-notch.
945,46,5,05-12-2025,4,Shipping  was  fast  and  the  item  was  well-packaged.
953,29,3,22-11-2025,4,Five  stars  for  the  quick  delivery.
955,53,12,15-03-2023,4,"Great  purchase,  very  satisfied."
957,37,15,26-02-2024,4,"I  love  this  product,  will  buy    again!"
960,81,2,23-03-2024,4,Customer  support  was  very  helpful.
962,95,18,16-10-2024,4,"Good  quality,  but  could  be    cheaper."
964,60,18,11-06-2024,4,"Great  purchase,    very  satisfied."
966,21,6,30-09-2025,4,"Good  quality,  but  could  be  cheaper."
971,5,5,17-12-2024,4,The  quality  is  top-notch.
973,4,4,23-01-2024,4,"I  love  this  product,  will  buy  again!"
974,13,6,01-03-2024,4,The  quality  is  top-notch.
976,80,7,30-03-2023,4,Shipping  was  fast  and  the  item    was  well-packaged.
979,14,4,16-03-2024,4,"Good  quality,  but  could  be  cheaper."
982,63,7,28-11-2023,4,"Great  purchase,  very  satisfied."
987,37,16,15-09-2024,4,"I  love  this  product,  will  buy  again!"
988,14,14,06-04-2025,4,"I  love  this  product,  will  buy  again!"
989,93,19,11-06-2023,4,"Great    purchase,  very  satisfied."
990,7,4,05-05-2023,4,Customer  support  was  very  helpful.
991,97,18,10-03-2025,4,Customer  support  was  very  helpful.
997,82,1,03-10-2023,4,"I  love  this  product,  will  buy  again!"
998,34,11,18-05-2025,4,Five  stars  for  the  quick  delivery.
999,37,8,28-05-2023,4,"I  love  this  product,  will  buy  again!"
1000,86,12,17-11-2025,4,"Good  quality,  but  could  be  cheaper."
1002,25,15,15-05-2025,4,Five  stars  for  the  quick  delivery.
1004,53,10,14-01-2024,4,Customer  support  was  very  helpful.
1005,82,17,23-10-2024,4,"Good  quality,  but  could  be  cheaper."
1013,32,8,12-07-2025,4,"I  love  this  product,  will  buy  again!"
1014,81,20,16-04-2023,4,Five  stars  for  the  quick  delivery.
1019,25,12,12-07-2023,4,Five  stars  for  the  quick  delivery.
1021,49,20,16-03-2024,4,"Great  purchase,  very  satisfied."
1023,77,18,19-10-2023,4,Shipping  was  fast  and  the  item  was  well-packaged.
1032,46,17,03-06-2025,4,"Great  purchase,  very  satisfied."
1033,74,11,16-02-2023,4,Shipping  was  fast  and  the  item  was  well-packaged.
1037,66,16,20-05-2024,4,"Great  purchase,  very  satisfied."
1041,19,18,14-04-2024,4,"Great    purchase,  very  satisfied."
1043,29,12,06-01-2025,4,Five  stars  for  the  quick  delivery.
1044,79,1,22-03-2024,4,"I  love  this  product,  will  buy  again!"
1052,55,5,14-08-2023,4,The  quality  is  top-notch.
1061,64,7,17-12-2023,4,"Great  purchase,  very  satisfied."
1063,5,6,21-09-2025,4,"Good  quality,    but  could  be  cheaper."
1066,81,6,29-08-2025,4,The  quality  is    top-notch.
1069,84,9,05-03-2025,4,Shipping  was  fast  and  the  item  was  well-packaged.
1071,23,7,16-09-2024,4,"Great  purchase,  very  satisfied."
1073,30,10,22-09-2023,4,"Good  quality,  but  could  be  cheaper."
1074,21,13,07-04-2023,4,"Good  quality,  but  could  be  cheaper."
1078,8,2,15-12-2023,4,Customer  support  was  very  helpful.
1080,86,16,27-05-2025,4,Shipping  was  fast  and  the  item    was  well-packaged.
1083,40,6,02-04-2024,4,The  quality  is  top-notch.
1085,46,6,02-07-2025,4,Customer  support  was  very  helpful.
1088,55,13,05-05-2025,4,"I  love  this  product,  will  buy  again!"
1090,3,14,09-01-2023,4,Shipping  was  fast  and  the  item  was  well-packaged.
1092,82,5,16-02-2023,4,Five  stars    for  the  quick  delivery.
1095,31,15,23-09-2024,4,The  quality  is    top-notch.
1096,82,13,17-11-2023,4,Five  stars  for  the  quick  delivery.
1100,88,14,13-08-2025,4,Five  stars  for  the  quick  delivery.
1102,35,12,01-02-2024,4,The  quality  is  top-notch.
1107,51,14,27-03-2024,4,Five  stars  for  the  quick  delivery.
1114,56,15,14-06-2025,4,Shipping  was  fast  and  the  item  was  well-packaged.
1116,52,5,22-05-2025,4,Five  stars  for  the  quick  delivery.
1117,74,11,12-09-2023,4,The  quality  is  top-notch.
1118,50,16,15-05-2023,4,Five  stars  for  the  quick  delivery.
1121,23,20,25-06-2023,4,Customer  support  was  very  helpful.
1127,82,15,06-01-2024,4,Customer  support  was  very  helpful.
1130,88,13,30-12-2025,4,The  quality  is  top-notch.
1133,46,19,12-09-2023,4,"I  love  this  product,  will  buy  again!"
1142,4,2,24-04-2024,4,Shipping  was  fast  and  the  item  was  well-packaged.
1143,75,18,09-08-2025,4,The  quality  is  top-notch.
1146,88,15,10-02-2024,4,Shipping  was  fast  and  the  item  was  well-packaged.
1148,94,2,11-10-2024,4,"Good  quality,  but    could  be  cheaper."
1158,99,20,29-07-2024,4,The  quality  is  top-notch.
1169,97,19,24-06-2025,4,"Great  purchase,  very  satisfied."
1170,78,4,19-12-2023,4,Customer  support  was  very  helpful.
1173,76,3,09-08-2025,4,"Great  purchase,  very  satisfied."
1174,69,3,24-08-2025,4,Shipping  was  fast  and  the  item  was  well-packaged.
1182,70,15,21-08-2023,4,"I  love  this  product,  will  buy  again!"
1186,80,11,15-10-2025,4,"I  love  this  product,  will  buy  again!"
1187,66,9,11-06-2023,4,"Great  purchase,  very  satisfied."
1198,92,1,25-06-2024,4,Customer  support  was  very  helpful.
1199,71,7,16-09-2024,4,The  quality  is  top-notch.
1200,89,17,04-04-2024,4,Shipping  was  fast  and  the  item  was  well-packaged.
1201,14,11,04-08-2023,4,"Great  purchase,  very  satisfied."
1203,2,19,20-07-2025,4,"Great  purchase,  very  satisfied."
1204,19,18,06-11-2024,4,The  quality  is  top-notch.
1206,50,12,06-07-2023,4,The  quality  is  top-notch.
1210,67,8,24-10-2024,4,"Good  quality,  but  could  be  cheaper."
1214,100,10,27-08-2025,4,"Great  purchase,  very  satisfied."
1221,42,17,31-08-2023,4,"Good  quality,  but  could    be  cheaper."
1228,57,1,30-11-2023,4,"I  love  this  product,  will  buy  again!"
1229,31,17,01-06-2025,4,"I  love  this  product,  will  buy  again!"
1236,60,3,07-02-2023,4,Five  stars  for  the  quick  delivery.
1238,15,9,13-06-2025,4,Customer    support  was  very  helpful.
1242,22,19,08-02-2025,4,"Great  purchase,  very  satisfied."
1246,53,1,04-08-2024,4,The  quality  is  top-notch.
1248,72,2,19-12-2025,4,Shipping  was  fast  and  the  item  was    well-packaged.
1257,93,10,05-02-2023,4,Customer  support  was  very  helpful.
1261,12,18,08-08-2023,4,Five  stars  for  the  quick  delivery.
1265,81,20,29-04-2023,4,Customer  support    was  very  helpful.
1266,65,14,01-07-2025,4,Shipping  was  fast  and  the  item  was  well-packaged.
1269,39,13,09-02-2024,4,The  quality  is    top-notch.
1270,72,16,11-07-2025,4,"I  love  this  product,  will  buy  again!"
1271,64,10,28-04-2024,4,The  quality    is  top-notch.
1272,82,14,24-12-2025,4,Exceeded  my  expectations!
1273,74,10,19-02-2024,4,Five  stars  for  the  quick  delivery.
1277,20,11,28-09-2023,4,"I  love  this  product,  will  buy  again!"
1285,81,12,15-07-2024,4,"Good  quality,  but  could  be    cheaper."
1291,90,2,20-05-2024,4,Shipping  was  fast  and  the  item    was  well-packaged.
1294,86,11,11-06-2023,4,Shipping  was  fast  and  the  item  was  well-packaged.
1296,60,9,26-10-2025,4,"Good  quality,    but  could  be  cheaper."
1298,82,1,13-08-2024,4,"Excellent  product,  highly  recommend!"
1299,44,18,02-07-2025,4,"I  love  this  product,  will  buy  again!"
1300,6,11,14-04-2024,4,Customer  support  was  very  helpful.
1301,79,13,28-05-2025,4,"Great  purchase,  very  satisfied."
1303,99,3,22-03-2024,4,Customer  support  was  very  helpful.
1306,89,1,03-09-2023,4,Customer  support  was  very  helpful.
1308,46,5,03-02-2025,4,"Great  purchase,    very  satisfied."
1309,53,8,12-10-2024,4,"I  love  this  product,    will  buy  again!"
1312,11,18,16-05-2023,4,"Good  quality,  but  could  be  cheaper."
1315,85,14,28-05-2023,4,"I    love  this  product,  will  buy  again!"
1324,36,10,27-12-2025,4,Customer  support  was  very  helpful.
1328,97,11,23-12-2025,4,Customer  support  was  very  helpful.
1331,88,5,02-06-2025,4,The  quality  is  top-notch.
1334,39,11,03-04-2025,4,"I  love  this  product,  will  buy  again!"
1335,43,15,06-03-2025,4,The  quality  is  top-notch.
1347,21,11,16-07-2025,4,Shipping  was  fast  and  the  item  was  well-packaged.
1349,22,10,11-04-2025,4,Five  stars  for  the  quick  delivery.
1356,14,15,18-04-2025,4,The  quality  is  top-notch.
2,80,19,25-12-2024,5,The  quality  is    top-notch.
8,55,8,15-08-2024,5,The  quality    is  top-notch.
10,78,6,17-06-2024,5,"Excellent  product,  highly  recommend!"
13,93,6,20-08-2024,5,"Great  purchase,  very  satisfied."
15,29,11,27-01-2023,5,"Great  purchase,  very  satisfied."
16,95,17,06-01-2023,5,"Excellent  product,  highly  recommend!"
21,22,15,08-04-2023,5,Amazing  value  for  the  price.
23,69,18,02-07-2023,5,Five  stars  for  the  quick  delivery.
28,76,8,27-05-2025,5,Five  stars  for  the  quick  delivery.
34,81,15,30-03-2024,5,"Excellent  product,  highly  recommend!"
38,45,17,07-05-2024,5,"Great  purchase,  very  satisfied."
39,54,1,02-10-2023,5,Customer  support  was  very  helpful.
40,33,2,03-01-2025,5,Five  stars    for  the  quick  delivery.
42,72,15,21-03-2023,5,Five  stars  for  the  quick  delivery.
44,44,17,20-04-2023,5,"Excellent  product,    highly  recommend!"
54,33,8,03-05-2023,5,"Excellent  product,  highly  recommend!"
72,29,4,29-05-2023,5,The    build  quality  is  impressive.
73,68,19,05-05-2025,5,"I  love  this  product,  will  buy  again!"
75,22,3,13-01-2024,5,Shipping  was  fast  and  the  item  was  well-packaged.
78,6,10,09-12-2024,5,Five  stars  for  the  quick  delivery.
85,17,6,25-10-2025,5,Five  stars  for  the  quick  delivery.
86,78,3,06-10-2025,5,"Excellent  product,  highly  recommend!"
98,96,3,20-11-2025,5,Exceeded  my  expectations!
101,61,18,11-09-2024,5,The  build  quality  is  impressive.
102,4,2,22-08-2025,5,"Excellent  product,  highly  recommend!"
103,82,14,17-11-2024,5,The  quality  is  top-notch.
107,26,10,17-02-2025,5,Five  stars  for    the  quick  delivery.
108,80,17,22-12-2023,5,Five  stars  for  the    quick  delivery.
112,87,3,26-05-2023,5,"Excellent  product,  highly  recommend!"
124,36,16,17-07-2023,5,Customer  support  was  very  helpful.
125,55,11,20-12-2025,5,"I  love  this  product,  will  buy  again!"
126,32,10,12-08-2024,5,Exceeded  my  expectations!
130,88,3,22-09-2025,5,"Great    purchase,  very  satisfied."
131,42,5,16-06-2023,5,Amazing  value  for  the  price.
136,17,3,27-03-2025,5,Amazing  value  for    the  price.
138,28,15,18-01-2023,5,Five  stars  for  the  quick  delivery.
141,98,9,15-10-2024,5,Amazing  value  for  the    price.
142,15,7,04-08-2023,5,"Excellent  product,  highly  recommend!"
150,4,15,18-06-2024,5,"I  love  this  product,  will  buy    again!"
153,95,11,06-11-2023,5,Amazing  value  for  the  price.
156,5,7,26-01-2025,5,The  build  quality  is  impressive.
158,37,2,16-04-2024,5,"Great  purchase,  very  satisfied."
159,23,12,01-09-2023,5,"I  love  this  product,    will  buy  again!"
163,89,7,27-05-2023,5,The  quality  is  top-notch.
169,26,8,28-09-2025,5,Five  stars  for  the  quick    delivery.
170,53,13,23-06-2024,5,The  build  quality  is  impressive.
173,15,16,30-05-2025,5,Customer  support  was  very  helpful.
182,21,11,08-03-2024,5,"Excellent  product,  highly  recommend!"
188,70,5,19-09-2025,5,Exceeded  my  expectations!
192,42,17,04-08-2023,5,"Excellent  product,  highly  recommend!"
195,75,5,25-10-2023,5,Amazing  value  for  the  price.
198,57,8,27-08-2023,5,Five  stars  for  the  quick  delivery.
199,6,13,20-08-2024,5,The    quality  is  top-notch.
202,33,9,06-09-2023,5,Amazing  value  for  the  price.
205,88,12,06-04-2023,5,Amazing  value  for  the  price.
213,7,13,09-04-2024,5,Shipping  was  fast  and    the  item  was  well-packaged.
217,62,11,19-08-2023,5,Amazing  value    for  the  price.
222,54,14,28-02-2024,5,Customer  support  was  very  helpful.
223,37,16,31-07-2023,5,Exceeded  my  expectations!
231,15,16,15-04-2025,5,Five  stars  for  the  quick  delivery.
232,17,3,11-10-2025,5,Five  stars  for  the  quick  delivery.
234,80,9,06-03-2023,5,The  build  quality  is  impressive.
236,55,16,03-03-2025,5,"Great  purchase,  very  satisfied."
239,45,9,28-01-2024,5,Exceeded  my  expectations!
240,20,16,09-11-2024,5,Five  stars  for  the  quick  delivery.
247,28,6,24-11-2025,5,"Excellent  product,  highly    recommend!"
252,6,6,18-03-2025,5,The  build  quality  is    impressive.
255,13,16,23-01-2024,5,"I  love  this  product,  will  buy  again!"
262,45,7,07-07-2024,5,Five  stars  for    the  quick  delivery.
266,62,5,22-02-2025,5,"Excellent  product,    highly  recommend!"
268,98,17,28-10-2023,5,The  build  quality    is  impressive.
271,21,17,08-08-2025,5,The    build  quality  is  impressive.
272,39,17,26-03-2023,5,Shipping  was  fast  and  the  item  was  well-packaged.
273,10,2,09-10-2024,5,Shipping  was  fast  and  the  item  was  well-packaged.
274,93,11,07-04-2023,5,"I  love  this  product,  will  buy  again!"
276,86,1,29-01-2025,5,The  quality  is  top-notch.
278,80,20,01-03-2023,5,Amazing  value  for  the  price.
279,86,5,21-07-2023,5,Customer  support  was  very  helpful.
283,87,13,14-02-2023,5,"I  love  this  product,  will  buy  again!"
286,53,16,04-05-2023,5,"I  love  this  product,  will  buy  again!"
287,75,6,14-02-2025,5,"I  love  this  product,  will    buy  again!"
288,68,17,21-06-2024,5,"Excellent  product,  highly  recommend!"
289,87,15,04-10-2023,5,Customer  support  was    very  helpful.
291,17,7,06-12-2025,5,"I  love  this  product,  will  buy  again!"
292,15,7,19-10-2025,5,Customer  support  was  very  helpful.
302,64,19,08-10-2024,5,The  quality  is  top-notch.
307,63,16,08-01-2025,5,Exceeded  my  expectations!
308,90,14,02-04-2023,5,Shipping  was  fast  and  the  item  was  well-packaged.
310,40,1,30-11-2024,5,Exceeded  my  expectations!
316,48,4,15-08-2025,5,Five  stars  for  the  quick    delivery.
319,86,6,11-12-2024,5,Shipping  was  fast  and  the  item  was  well-packaged.
331,68,4,17-08-2023,5,"I  love  this  product,  will  buy  again!"
332,2,10,06-11-2024,5,The  build  quality  is  impressive.
334,70,9,14-04-2025,5,Five  stars  for  the  quick    delivery.
335,75,14,12-03-2024,5,"Great  purchase,  very  satisfied."
339,38,2,11-01-2025,5,Exceeded  my    expectations!
340,95,17,16-09-2025,5,"I  love  this  product,  will  buy  again!"
346,84,15,27-06-2025,5,The  build  quality  is  impressive.
353,36,15,08-09-2025,5,"Great    purchase,  very  satisfied."
359,79,15,04-05-2024,5,Amazing  value  for  the  price.
360,33,15,09-09-2025,5,"Excellent  product,  highly  recommend!"
361,71,7,12-02-2024,5,"Excellent  product,  highly  recommend!"
364,46,8,26-04-2024,5,The  build  quality  is  impressive.
366,46,7,14-11-2023,5,Shipping  was  fast  and  the  item  was  well-packaged.
375,73,4,16-12-2024,5,The  build  quality  is  impressive.
377,77,4,29-11-2023,5,"Excellent  product,  highly  recommend!"
379,62,4,27-01-2023,5,The    quality  is  top-notch.
383,54,13,05-09-2024,5,Amazing  value  for  the  price.
387,42,14,29-03-2025,5,Shipping  was  fast  and  the    item  was  well-packaged.
389,14,2,14-09-2024,5,"Excellent  product,  highly  recommend!"
392,93,11,29-06-2023,5,Amazing  value  for  the  price.
398,17,7,02-09-2023,5,"I  love  this  product,  will  buy  again!"
405,43,4,10-09-2025,5,Exceeded  my    expectations!
406,11,9,15-12-2025,5,Exceeded  my  expectations!
408,17,4,12-12-2023,5,The  build  quality  is  impressive.
409,59,19,22-02-2023,5,"I  love  this  product,  will  buy    again!"
413,60,12,24-08-2023,5,The  build  quality  is  impressive.
416,15,17,19-04-2023,5,The  quality  is  top-notch.
420,18,11,10-06-2023,5,"I  love  this    product,  will  buy  again!"
421,75,13,18-08-2025,5,The  quality  is  top-notch.
428,58,9,17-01-2025,5,The  build    quality  is  impressive.
433,72,2,11-06-2025,5,The  quality  is  top-notch.
434,7,18,25-02-2023,5,"Great  purchase,  very  satisfied."
435,65,1,28-02-2023,5,Amazing  value  for  the  price.
437,73,4,24-06-2023,5,"Excellent  product,  highly  recommend!"
438,72,20,13-09-2023,5,Five  stars  for  the  quick  delivery.
444,22,16,20-10-2023,5,The  build  quality  is  impressive.
446,84,14,10-06-2025,5,The  quality  is  top-notch.
449,43,14,10-03-2024,5,Shipping  was  fast  and  the  item  was  well-packaged.
450,92,4,04-08-2024,5,Amazing  value  for  the  price.
451,68,11,18-04-2023,5,"Excellent  product,  highly  recommend!"
462,85,14,02-02-2023,5,The    build  quality  is  impressive.
466,49,16,16-02-2023,5,Shipping  was  fast  and  the  item  was  well-packaged.
468,12,12,09-01-2024,5,"Excellent  product,  highly  recommend!"
471,88,4,26-04-2024,5,The  quality  is  top-notch.
478,79,6,23-07-2023,5,The  build  quality  is  impressive.
480,90,9,22-07-2023,5,"Great  purchase,  very  satisfied."
482,49,10,11-07-2025,5,Amazing  value  for  the  price.
485,66,18,10-06-2025,5,"I  love  this  product,  will  buy  again!"
488,89,12,24-02-2025,5,Exceeded  my  expectations!
493,26,2,16-07-2024,5,"I  love  this  product,  will  buy  again!"
494,2,13,25-05-2025,5,Five  stars  for  the  quick  delivery.
496,87,1,29-01-2024,5,Exceeded  my  expectations!
505,82,2,11-07-2024,5,"Great  purchase,  very  satisfied."
509,5,11,25-05-2024,5,The  quality  is  top-notch.
513,21,3,09-11-2025,5,Amazing  value    for  the  price.
517,29,4,30-03-2024,5,"Great  purchase,  very    satisfied."
523,8,12,07-12-2023,5,Shipping  was  fast  and  the  item  was  well-packaged.
528,81,16,09-11-2024,5,Five  stars  for  the  quick  delivery.
530,48,10,24-11-2025,5,"Great  purchase,  very  satisfied."
531,65,3,21-07-2024,5,Exceeded  my  expectations!
532,6,6,30-05-2023,5,The  quality  is  top-notch.
541,73,20,08-08-2025,5,"I  love  this  product,  will  buy  again!"
543,64,17,31-10-2023,5,The  build  quality  is  impressive.
544,65,6,29-10-2023,5,The  quality  is  top-notch.
546,33,1,14-11-2024,5,Exceeded  my  expectations!
548,40,12,11-01-2023,5,Amazing  value  for  the  price.
553,60,20,26-04-2025,5,Customer  support  was  very  helpful.
555,69,18,24-11-2025,5,Customer  support  was  very  helpful.
560,24,6,08-11-2024,5,Exceeded  my  expectations!
564,9,12,13-10-2025,5,Customer  support  was  very  helpful.
567,78,16,21-02-2024,5,Shipping  was  fast  and  the  item  was  well-packaged.
569,58,9,17-07-2024,5,Exceeded  my    expectations!
574,72,9,13-10-2025,5,Shipping  was  fast  and  the  item  was  well-packaged.
575,93,14,19-09-2025,5,"Great  purchase,  very  satisfied."
576,71,9,04-10-2025,5,Amazing  value  for  the  price.
578,32,15,01-08-2023,5,The  quality  is  top-notch.
582,65,9,29-01-2023,5,Exceeded  my    expectations!
583,88,8,03-07-2025,5,Five  stars  for  the  quick  delivery.
591,65,12,29-10-2024,5,Five  stars    for  the  quick  delivery.
593,62,8,12-06-2025,5,The  build  quality  is  impressive.
597,11,1,07-09-2025,5,The  quality  is  top-notch.
598,3,2,04-08-2023,5,Amazing  value  for  the  price.
599,94,19,01-08-2025,5,Customer  support  was  very  helpful.
601,25,11,31-07-2025,5,Amazing    value  for  the  price.
603,88,4,02-07-2024,5,Exceeded  my  expectations!
606,48,8,14-10-2023,5,The  build  quality  is  impressive.
610,69,3,29-01-2025,5,"Great  purchase,  very  satisfied."
615,98,1,08-01-2025,5,"Excellent    product,  highly  recommend!"
616,38,20,14-11-2023,5,Shipping  was  fast  and  the  item  was  well-packaged.
619,68,14,06-12-2023,5,Customer  support  was  very  helpful.
620,100,1,22-10-2024,5,Five  stars  for  the  quick  delivery.
624,82,14,28-11-2023,5,Customer  support  was  very  helpful.
625,32,10,20-02-2023,5,"Great  purchase,  very    satisfied."
626,38,11,18-12-2025,5,Exceeded  my  expectations!
627,18,6,26-06-2023,5,Amazing  value  for    the  price.
629,16,20,28-07-2024,5,Exceeded  my    expectations!
639,14,12,07-07-2024,5,Amazing  value  for  the  price.
643,89,16,07-01-2024,5,"Excellent  product,  highly  recommend!"
644,97,10,25-11-2023,5,Customer  support  was  very  helpful.
645,23,20,02-11-2023,5,Customer  support    was  very  helpful.
646,75,2,09-10-2023,5,"I    love  this  product,  will  buy  again!"
652,39,19,06-05-2025,5,The  quality  is  top-notch.
653,66,16,14-01-2025,5,Amazing  value  for  the  price.
657,35,11,18-10-2025,5,"Excellent  product,  highly  recommend!"
659,29,20,16-03-2023,5,The  build  quality  is  impressive.
660,62,5,06-10-2023,5,Shipping  was  fast  and  the  item  was  well-packaged.
663,23,10,26-05-2025,5,"Excellent  product,  highly    recommend!"
668,55,4,25-04-2024,5,"Excellent  product,    highly  recommend!"
670,53,13,31-03-2024,5,The  build  quality  is    impressive.
672,95,14,15-02-2025,5,"Great    purchase,  very  satisfied."
676,6,12,14-03-2024,5,The  build  quality  is    impressive.
681,48,16,21-03-2024,5,The  quality  is  top-notch.
686,31,17,09-05-2023,5,"I    love  this  product,  will  buy  again!"
693,58,10,31-08-2023,5,The  build  quality  is    impressive.
701,68,4,02-01-2023,5,Shipping  was  fast  and  the  item  was  well-packaged.
703,3,16,17-04-2024,5,Five  stars  for  the  quick  delivery.
704,8,20,26-09-2024,5,Exceeded  my  expectations!
705,88,11,25-05-2025,5,Exceeded    my  expectations!
706,75,5,03-01-2024,5,Exceeded  my    expectations!
708,70,17,20-01-2024,5,The  build  quality  is  impressive.
709,1,16,25-02-2023,5,Customer  support  was  very  helpful.
710,88,7,26-09-2025,5,Customer  support  was  very  helpful.
711,39,12,07-12-2023,5,"Excellent    product,  highly  recommend!"
717,82,1,07-03-2025,5,Exceeded  my  expectations!
720,41,4,05-08-2025,5,Shipping  was  fast  and  the  item  was    well-packaged.
726,33,20,16-10-2024,5,Customer  support  was    very  helpful.
728,30,1,23-08-2024,5,Customer  support  was  very  helpful.
731,4,7,13-07-2023,5,The  build    quality  is  impressive.
734,63,2,10-03-2024,5,Five  stars  for  the  quick  delivery.
736,72,6,17-10-2023,5,"Excellent  product,  highly  recommend!"
745,85,12,17-05-2024,5,Exceeded  my  expectations!
746,24,13,28-03-2024,5,"I  love    this  product,  will  buy  again!"
747,84,1,27-04-2023,5,"I  love  this  product,  will  buy  again!"
751,58,17,11-07-2025,5,"I  love  this  product,  will  buy  again!"
753,94,4,29-01-2023,5,The  build  quality  is  impressive.
767,48,11,09-10-2023,5,Exceeded    my  expectations!
769,77,7,02-09-2024,5,"Excellent  product,    highly  recommend!"
774,46,6,10-12-2025,5,"Great  purchase,    very  satisfied."
776,17,13,12-01-2023,5,Customer  support  was  very  helpful.
777,81,6,14-02-2024,5,Five  stars  for  the  quick  delivery.
778,97,7,11-06-2025,5,The  quality  is    top-notch.
779,66,17,25-05-2025,5,Five  stars  for  the  quick  delivery.
780,83,1,23-10-2025,5,The  build  quality  is  impressive.
781,68,13,06-06-2024,5,Exceeded  my  expectations!
782,25,3,19-08-2024,5,Customer  support  was  very  helpful.
783,21,18,30-11-2024,5,The  build  quality  is  impressive.
786,37,13,29-07-2025,5,Five  stars  for  the  quick  delivery.
789,7,17,08-04-2023,5,Amazing  value  for  the  price.
793,53,7,21-05-2025,5,"I  love  this  product,  will  buy  again!"
794,24,17,03-12-2024,5,"Excellent  product,  highly  recommend!"
795,4,14,16-12-2024,5,Customer  support  was  very  helpful.
796,27,17,27-02-2025,5,The  build  quality  is  impressive.
797,68,19,22-02-2025,5,The  quality  is    top-notch.
800,74,8,23-05-2024,5,Five  stars  for  the  quick  delivery.
802,12,16,04-03-2023,5,Shipping  was  fast  and  the  item  was  well-packaged.
806,18,9,28-08-2023,5,The  quality  is  top-notch.
813,58,15,28-03-2024,5,The  quality  is  top-notch.
823,59,14,29-09-2024,5,Five    stars  for  the  quick  delivery.
827,84,18,05-04-2025,5,Shipping  was  fast  and  the  item  was  well-packaged.
828,53,20,28-02-2025,5,"I  love  this  product,  will  buy  again!"
833,31,18,29-08-2023,5,Exceeded  my    expectations!
835,12,12,07-05-2024,5,Exceeded  my  expectations!
837,19,16,11-12-2023,5,Customer  support  was  very  helpful.
838,61,17,21-04-2024,5,Shipping  was  fast  and  the    item  was  well-packaged.
842,70,17,03-10-2024,5,The  build  quality  is  impressive.
851,31,12,29-11-2025,5,The  quality  is  top-notch.
854,7,5,09-06-2025,5,Shipping  was  fast    and  the  item  was  well-packaged.
856,23,6,03-01-2023,5,Customer  support  was  very  helpful.
859,6,19,25-06-2024,5,Amazing  value  for  the  price.
861,70,8,18-04-2024,5,"I  love  this  product,  will  buy  again!"
866,36,16,03-03-2025,5,Customer  support  was  very  helpful.
871,3,5,20-03-2024,5,The    build  quality  is  impressive.
873,82,15,21-06-2025,5,Shipping  was  fast  and  the  item  was  well-packaged.
880,29,13,31-07-2023,5,"Excellent  product,  highly  recommend!"
884,24,2,08-11-2023,5,Amazing  value  for  the  price.
885,58,6,10-09-2024,5,Customer  support  was  very  helpful.
886,95,15,14-02-2025,5,Customer  support  was  very  helpful.
895,38,4,28-10-2024,5,Exceeded  my  expectations!
898,76,15,18-09-2023,5,Shipping  was  fast  and  the  item  was  well-packaged.
907,67,3,21-10-2023,5,Customer  support  was  very  helpful.
914,81,19,04-03-2023,5,"Great    purchase,  very  satisfied."
921,93,11,26-06-2023,5,"Great  purchase,  very  satisfied."
923,3,20,07-02-2024,5,"Excellent  product,  highly    recommend!"
929,47,5,09-10-2024,5,Amazing  value  for  the  price.
931,73,8,27-09-2023,5,"Excellent  product,  highly  recommend!"
932,11,20,26-08-2023,5,The  build  quality  is  impressive.
934,44,3,26-04-2023,5,"I  love  this    product,  will  buy  again!"
935,71,12,28-08-2025,5,"I  love  this  product,  will  buy  again!"
938,29,12,08-07-2024,5,Shipping  was  fast  and  the  item  was  well-packaged.
939,42,6,09-08-2024,5,Customer  support  was  very  helpful.
942,69,2,19-02-2023,5,"Excellent  product,  highly  recommend!"
943,70,19,15-04-2023,5,"Great  purchase,  very  satisfied."
948,29,10,22-01-2025,5,Shipping  was  fast    and  the  item  was  well-packaged.
950,96,9,09-02-2024,5,Customer  support  was  very  helpful.
952,46,15,14-01-2025,5,Customer  support  was  very  helpful.
954,26,8,13-03-2025,5,Shipping    was  fast  and  the  item  was  well-packaged.
959,85,9,01-01-2025,5,Amazing  value  for  the  price.
961,74,20,10-07-2024,5,"I  love  this    product,  will  buy  again!"
965,25,7,15-12-2024,5,"Excellent  product,  highly  recommend!"
967,94,12,22-04-2024,5,The  build    quality  is  impressive.
968,46,14,07-08-2024,5,The  quality  is  top-notch.
972,18,19,01-08-2024,5,Exceeded    my  expectations!
978,46,13,18-07-2025,5,Customer  support  was  very  helpful.
983,31,19,28-05-2024,5,Customer  support  was  very  helpful.
986,20,7,30-11-2025,5,The  build  quality  is  impressive.
994,62,5,27-11-2025,5,Customer  support  was  very  helpful.
996,85,10,05-01-2025,5,Exceeded  my  expectations!
1003,14,16,31-03-2025,5,Five  stars  for  the  quick  delivery.
1006,87,2,14-06-2023,5,Exceeded  my  expectations!
1007,49,9,15-02-2024,5,Amazing  value    for  the  price.
1011,80,19,11-10-2023,5,Shipping  was  fast  and  the  item  was  well-packaged.
1017,84,13,26-05-2025,5,"Great  purchase,  very  satisfied."
1030,46,16,02-10-2024,5,"I  love  this  product,  will  buy  again!"
1035,77,9,25-11-2023,5,Exceeded  my  expectations!
1040,100,19,02-03-2024,5,The  build  quality  is    impressive.
1047,6,5,09-10-2025,5,"Great  purchase,  very  satisfied."
1049,50,2,26-05-2023,5,Five  stars  for    the  quick  delivery.
1050,83,8,14-06-2024,5,"Excellent  product,  highly    recommend!"
1053,6,16,29-02-2024,5,Five  stars  for  the  quick  delivery.
1062,93,13,21-11-2023,5,"Great  purchase,    very  satisfied."
1065,33,9,21-03-2023,5,Exceeded  my  expectations!
1067,50,7,09-05-2024,5,Amazing  value  for  the  price.
1075,52,9,25-07-2025,5,Shipping  was  fast  and  the  item  was  well-packaged.
1076,22,9,29-10-2024,5,The  quality  is  top-notch.
1077,95,14,18-04-2025,5,Amazing  value  for  the  price.
1081,91,5,31-07-2023,5,"I  love  this  product,  will  buy  again!"
1082,87,13,09-02-2025,5,Five  stars  for  the  quick  delivery.
1086,47,11,07-04-2024,5,The  build  quality  is  impressive.
1098,62,15,02-04-2023,5,Shipping  was  fast  and  the  item  was  well-packaged.
1099,90,12,17-03-2024,5,"Excellent  product,  highly  recommend!"
1101,58,13,09-01-2025,5,Shipping  was  fast  and  the  item  was  well-packaged.
1103,39,5,12-05-2023,5,The  build  quality  is  impressive.
1106,37,5,29-01-2025,5,Five  stars  for  the  quick  delivery.
1109,22,18,09-06-2023,5,"Excellent  product,    highly  recommend!"
1112,40,1,07-06-2023,5,"Excellent  product,  highly  recommend!"
1122,78,19,03-12-2023,5,The  quality  is  top-notch.
1124,6,9,22-10-2025,5,"I  love  this  product,  will  buy  again!"
1128,77,6,11-02-2023,5,Shipping  was  fast  and  the  item  was  well-packaged.
1129,80,10,06-11-2024,5,The  build  quality  is  impressive.
1131,97,2,02-06-2025,5,The  build    quality  is  impressive.
1134,29,8,16-06-2024,5,The    build  quality  is  impressive.
1136,62,8,02-03-2025,5,Customer  support  was  very  helpful.
1141,24,17,01-04-2023,5,Customer    support  was  very  helpful.
1144,24,8,29-01-2024,5,The  build  quality    is  impressive.
1145,61,8,25-02-2024,5,"Excellent  product,  highly  recommend!"
1147,79,5,09-05-2025,5,"Excellent  product,  highly  recommend!"
1150,90,3,19-02-2024,5,Five  stars  for  the  quick  delivery.
1151,46,15,19-01-2025,5,Customer  support  was  very  helpful.
1153,53,10,17-06-2023,5,"Excellent  product,  highly  recommend!"
1155,1,12,09-01-2025,5,Exceeded  my  expectations!
1159,59,9,29-01-2025,5,The  quality  is  top-notch.
1160,97,7,26-12-2025,5,Five  stars  for  the  quick  delivery.
1161,10,19,01-01-2023,5,Shipping  was  fast  and  the    item  was  well-packaged.
1165,20,12,06-02-2024,5,The  quality  is  top-notch.
1166,63,15,10-11-2024,5,The  build  quality    is  impressive.
1167,50,19,21-08-2024,5,The  quality  is  top-notch.
1168,93,16,21-09-2025,5,Exceeded  my  expectations!
1172,33,15,03-04-2025,5,The    build  quality  is  impressive.
1175,78,6,04-07-2025,5,"Excellent  product,  highly  recommend!"
1176,74,15,27-05-2025,5,"Excellent  product,  highly  recommend!"
1180,64,18,19-06-2025,5,Five  stars  for  the  quick  delivery.
1184,5,18,25-12-2023,5,Exceeded  my  expectations!
1185,5,12,01-10-2025,5,Shipping  was  fast  and  the  item  was  well-packaged.
1188,17,2,05-04-2023,5,"Great  purchase,    very  satisfied."
1191,60,19,27-08-2023,5,"Excellent  product,  highly  recommend!"
1193,7,2,13-06-2025,5,"Excellent  product,  highly  recommend!"
1195,89,2,19-11-2023,5,Exceeded    my  expectations!
1196,57,16,07-06-2024,5,"Excellent  product,  highly  recommend!"
1205,73,17,04-12-2025,5,The  quality    is  top-notch.
1207,90,18,27-06-2025,5,The  build  quality  is  impressive.
1208,16,15,11-07-2024,5,"Great  purchase,  very  satisfied."
1209,53,10,03-04-2024,5,Five  stars  for    the  quick  delivery.
1211,30,18,04-10-2023,5,Customer  support    was  very  helpful.
1213,14,9,23-12-2023,5,Customer  support  was  very  helpful.
1216,53,11,14-04-2023,5,Amazing  value  for  the  price.
1217,81,18,14-01-2024,5,Customer  support  was  very  helpful.
1218,8,9,09-11-2025,5,Shipping  was    fast  and  the  item  was  well-packaged.
1219,49,7,28-05-2025,5,"Great  purchase,  very  satisfied."
1224,82,14,30-11-2025,5,"Great  purchase,  very  satisfied."
1226,75,5,17-08-2024,5,"I  love  this  product,    will  buy  again!"
1227,30,14,20-01-2025,5,"Great  purchase,  very    satisfied."
1230,55,18,27-04-2025,5,Exceeded  my  expectations!
1232,7,17,18-09-2024,5,Shipping  was  fast  and  the  item  was  well-packaged.
1235,87,1,24-05-2023,5,Five  stars  for  the  quick  delivery.
1239,49,15,07-02-2024,5,"Excellent  product,  highly  recommend!"
1243,92,10,08-11-2023,5,"Great    purchase,  very  satisfied."
1244,8,7,20-01-2024,5,"I  love  this  product,  will    buy  again!"
1252,87,8,10-12-2024,5,Exceeded    my  expectations!
1254,45,4,16-02-2024,5,The  quality  is  top-notch.
1255,42,8,15-12-2025,5,Five  stars  for  the  quick  delivery.
1258,80,1,13-11-2023,5,Amazing  value  for  the  price.
1260,47,6,02-09-2025,5,Exceeded  my  expectations!
1264,72,7,07-05-2023,5,"Great  purchase,  very  satisfied."
1267,85,4,11-07-2024,5,The  quality  is  top-notch.
1275,52,2,06-06-2023,5,Customer  support  was  very  helpful.
1278,25,17,22-06-2023,5,The  quality  is  top-notch.
1281,58,12,24-09-2023,5,The  quality  is  top-notch.
1286,89,19,12-03-2025,5,"Excellent  product,  highly  recommend!"
1288,77,8,09-06-2025,5,"I  love  this  product,  will  buy  again!"
1292,16,5,15-03-2024,5,The  quality  is  top-notch.
1293,23,2,07-11-2024,5,Exceeded  my  expectations!
1295,61,8,16-09-2025,5,The  build  quality  is  impressive.
1311,71,13,29-01-2023,5,"Great  purchase,  very  satisfied."
1313,2,2,30-06-2025,5,The  build  quality    is  impressive.
1314,63,2,17-03-2025,5,Amazing  value  for  the  price.
1326,69,4,09-06-2024,5,"Great  purchase,  very  satisfied."
1332,72,4,15-06-2024,5,Amazing  value  for  the    price.
1339,76,19,01-11-2024,5,The  quality  is  top-notch.
1342,91,1,03-06-2025,5,Customer  support  was  very  helpful.
1343,39,4,10-04-2025,5,The  build  quality  is  impressive.
1344,31,20,16-05-2025,5,The  quality  is  top-notch.
1345,55,18,14-10-2023,5,"Excellent  product,  highly  recommend!"
1348,45,19,14-02-2024,5,"I  love  this  product,  will  buy  again!"
1352,50,14,25-06-2025,5,The  quality  is    top-notch.
1353,34,5,30-06-2024,5,The  quality  is  top-notch.
1354,53,8,08-05-2024,5,"Excellent    product,  highly  recommend!"
1355,9,20,29-05-2025,5,Customer  support  was  very  helpful.
1361,96,15,07-03-2023,5,Customer  support  was  very  helpful.
1,77,18,23-12-2023,3,"Average  experience,  nothing  special."
4,78,15,21-04-2025,3,"Good  quality,  but  could  be  cheaper."
5,64,2,16-07-2023,3,"Average  experience,  nothing  special."
7,16,1,29-01-2024,3,"Average  experience,  nothing  special."
17,88,4,29-10-2025,3,Not  worth  the  money.
24,100,4,18-07-2025,3,"I  love  this    product,  will  buy  again!"
31,93,4,25-08-2025,3,"Good  quality,  but  could  be    cheaper."
35,27,12,13-03-2024,3,"Average  experience,  nothing  special."
36,96,9,05-12-2025,3,"Good  quality,  but  could  be  cheaper."
37,38,3,11-09-2023,3,"Average  experience,  nothing    special."
41,93,17,15-05-2025,3,"Average  experience,  nothing  special."
45,11,16,23-03-2023,3,Not  worth  the  money.
49,3,7,09-06-2025,3,"Good  quality,  but  could    be  cheaper."
55,57,9,03-11-2025,3,Customer  support  was    very  helpful.
56,15,10,11-12-2025,3,Shipping  was  fast  and  the  item  was  well-packaged.
67,67,13,12-04-2025,3,"Average  experience,  nothing  special."
68,38,7,23-03-2023,3,"The  product  is  okay,  but  the  instructions  were  unclear."
69,77,12,03-08-2025,3,Five  stars  for  the  quick  delivery.
71,24,11,28-07-2025,3,"Good  quality,  but  could  be  cheaper."
74,59,9,16-05-2023,3,"The  product  is  okay,  but  the  instructions  were  unclear."
80,98,16,24-05-2025,3,Not  worth  the  money.
87,89,17,26-05-2023,3,Not    worth  the  money.
89,60,3,08-07-2024,3,The  quality  is  top-notch.
91,4,16,27-09-2025,3,"Great  purchase,  very  satisfied."
92,2,16,21-11-2023,3,Not  worth  the  money.
93,60,13,05-09-2024,3,Not  worth  the  money.
96,19,13,02-09-2023,3,"Good  quality,  but  could  be  cheaper."
97,64,6,19-01-2024,3,"The  product  is  okay,  but  the  instructions  were  unclear."
100,9,2,20-06-2025,3,Not  worth  the  money.
134,74,4,27-03-2024,3,"Good  quality,  but  could    be  cheaper."
140,53,18,03-12-2023,3,"Good  quality,  but  could  be  cheaper."
143,3,12,12-04-2023,3,"Average  experience,  nothing  special."
145,27,10,05-03-2024,3,"The    product  is  okay,  but  the  instructions  were  unclear."
151,21,19,30-10-2023,3,"Good  quality,  but  could  be  cheaper."
152,32,16,15-12-2025,3,"Good  quality,  but    could  be  cheaper."
162,64,20,25-07-2023,3,"Average  experience,  nothing  special."
166,87,3,01-11-2023,3,"Good    quality,  but  could  be  cheaper."
168,72,2,13-12-2025,3,Customer  support  was  very  helpful.
171,2,16,16-02-2024,3,Not  worth  the  money.
172,79,2,23-11-2024,3,Not  worth  the  money.
175,3,6,02-11-2024,3,"Good  quality,  but  could  be  cheaper."
176,21,11,23-11-2023,3,"The  product  is  okay,  but  the  instructions  were  unclear."
190,83,3,10-08-2023,3,"Good  quality,  but  could  be  cheaper."
193,84,20,21-06-2024,3,"The  product  is  okay,  but  the  instructions  were    unclear."
196,91,2,29-10-2023,3,"Average  experience,  nothing  special."
200,30,17,09-01-2025,3,"Good  quality,  but  could  be  cheaper."
203,66,18,22-11-2023,3,"Average  experience,  nothing  special."
209,70,8,05-11-2025,3,"Average  experience,  nothing  special."
214,53,18,13-04-2025,3,Five  stars  for  the  quick  delivery.
216,49,7,14-11-2023,3,"The  product  is  okay,  but  the  instructions  were  unclear."
225,80,1,08-09-2025,3,"The  product  is  okay,  but  the  instructions  were  unclear."
245,50,3,23-03-2023,3,"Good  quality,  but  could  be  cheaper."
248,81,6,15-07-2023,3,"Good  quality,  but  could  be  cheaper."
253,75,15,03-08-2024,3,"Great  purchase,  very  satisfied."
254,30,19,31-12-2025,3,"Average  experience,  nothing  special."
257,84,13,03-10-2023,3,"Average  experience,  nothing    special."
259,75,2,24-08-2023,3,"The  product  is  okay,  but  the  instructions  were  unclear."
260,44,18,07-03-2024,3,"Average  experience,  nothing  special."
267,55,19,01-12-2023,3,"The  product  is    okay,  but  the  instructions  were  unclear."
282,59,5,17-02-2023,3,"Average  experience,  nothing  special."
293,25,13,14-02-2023,3,Not  worth    the  money.
294,63,13,09-11-2023,3,Not  worth  the  money.
295,61,6,13-10-2024,3,"The  product  is  okay,  but  the  instructions  were  unclear."
297,92,16,06-08-2023,3,"Average  experience,  nothing  special."
304,66,14,01-02-2023,3,"Average    experience,  nothing  special."
306,52,8,19-07-2025,3,"Average  experience,  nothing  special."
309,70,11,02-02-2023,3,"Good  quality,  but  could  be  cheaper."
317,15,6,04-08-2023,3,"The  product  is  okay,  but  the  instructions  were  unclear."
329,6,9,07-12-2024,3,The  quality  is  top-notch.
337,32,19,22-05-2024,3,"The  product  is  okay,  but  the  instructions  were  unclear."
343,84,4,13-04-2025,3,"Average  experience,  nothing  special."
344,21,10,02-11-2025,3,Not  worth  the  money.
349,26,11,19-11-2024,3,"I  love  this  product,  will  buy  again!"
350,57,6,22-08-2025,3,Not    worth  the  money.
351,55,5,02-05-2023,3,"The  product  is  okay,  but    the  instructions  were  unclear."
352,43,11,22-12-2025,3,"Average  experience,  nothing  special."
358,13,15,20-11-2023,3,"Average  experience,  nothing  special."
362,33,11,11-02-2024,3,"The  product  is  okay,  but  the  instructions  were  unclear."
365,90,20,24-10-2025,3,"Good  quality,  but  could  be    cheaper."
367,96,1,02-07-2024,3,Not  worth  the    money.
376,38,6,03-07-2023,3,"Good  quality,    but  could  be  cheaper."
381,45,4,24-01-2024,3,"Good  quality,  but    could  be  cheaper."
384,20,3,04-06-2025,3,Not  worth  the  money.
386,86,5,09-04-2024,3,"Good  quality,  but  could  be  cheaper."
390,30,10,22-05-2023,3,"Good  quality,  but  could  be  cheaper."
391,98,20,05-01-2024,3,"Average  experience,  nothing  special."
394,7,4,19-10-2024,3,"The  product  is  okay,  but  the  instructions  were  unclear."
396,75,6,12-09-2025,3,"Good    quality,  but  could  be  cheaper."
399,68,1,21-07-2024,3,"Average  experience,  nothing  special."
400,42,10,30-06-2023,3,Not  worth  the  money.
403,53,14,18-06-2023,3,"Good  quality,  but    could  be  cheaper."
411,32,15,05-03-2023,3,"The  product  is  okay,  but  the    instructions  were  unclear."
417,9,16,28-11-2024,3,Not  worth  the  money.
431,94,11,10-02-2023,3,Not  worth  the  money.
439,67,11,11-11-2025,3,"The  product  is  okay,  but  the  instructions  were  unclear."
440,93,7,22-07-2023,3,Not  worth  the  money.
443,37,13,19-01-2024,3,"Good  quality,  but  could  be  cheaper."
445,25,14,27-05-2023,3,"Good  quality,  but  could  be  cheaper."
455,79,20,30-07-2024,3,"The  product  is  okay,  but  the  instructions  were  unclear."
457,29,1,12-12-2024,3,"The  product  is  okay,  but  the  instructions  were  unclear."
463,5,2,02-11-2025,3,"Great  purchase,  very    satisfied."
467,29,16,16-07-2023,3,"The  product  is  okay,  but  the  instructions  were  unclear."
474,47,20,31-05-2025,3,"Good  quality,  but  could  be  cheaper."
486,44,3,20-01-2024,3,Not  worth  the  money.
498,81,17,17-01-2025,3,"The  product  is  okay,  but  the  instructions  were  unclear."
507,66,3,10-12-2024,3,Customer  support    was  very  helpful.
508,64,14,19-01-2025,3,"Good  quality,  but  could  be    cheaper."
512,11,1,15-01-2025,3,Shipping  was  fast  and  the  item  was  well-packaged.
515,89,3,06-12-2024,3,"The  product  is  okay,  but  the  instructions  were  unclear."
519,58,4,06-03-2023,3,"The  product  is  okay,  but  the  instructions  were  unclear."
520,63,1,24-08-2024,3,"Good  quality,  but  could  be  cheaper."
526,74,3,20-05-2025,3,"Good    quality,  but  could  be  cheaper."
527,27,14,03-07-2024,3,Not  worth    the  money.
540,28,18,09-12-2025,3,"Good  quality,  but  could  be  cheaper."
550,51,12,07-10-2024,3,Shipping  was  fast  and  the  item  was  well-packaged.
551,45,2,17-04-2025,3,"Good  quality,  but  could  be  cheaper."
557,55,10,28-07-2024,3,"Great  purchase,    very  satisfied."
562,41,5,25-02-2024,3,Not  worth  the  money.
571,2,8,15-10-2024,3,"Average  experience,  nothing  special."
580,48,1,15-04-2025,3,"Average    experience,  nothing  special."
587,31,17,31-08-2025,3,Not  worth    the  money.
588,39,18,03-09-2025,3,Shipping  was  fast  and  the  item  was  well-packaged.
589,64,4,21-03-2024,3,Not    worth  the  money.
590,27,4,13-09-2024,3,Not  worth  the  money.
592,100,1,18-01-2025,3,"The  product  is  okay,  but  the  instructions  were  unclear."
596,48,15,27-06-2025,3,"Good  quality,  but  could    be  cheaper."
602,56,8,08-02-2023,3,Not  worth  the  money.
604,87,2,10-06-2023,3,"Average  experience,  nothing    special."
605,1,3,17-06-2023,3,"The  product  is  okay,  but  the  instructions  were  unclear."
607,25,14,07-07-2025,3,"Great  purchase,  very  satisfied."
609,40,10,23-10-2025,3,"Average  experience,  nothing  special."
613,48,12,10-02-2025,3,"The  product  is  okay,  but  the  instructions    were  unclear."
614,23,2,20-01-2025,3,"I  love  this  product,  will  buy  again!"
623,5,1,15-06-2025,3,"Good  quality,  but  could  be  cheaper."
628,22,4,30-08-2025,3,"Average  experience,  nothing  special."
632,40,20,24-02-2023,3,"Average  experience,    nothing  special."
635,85,16,22-02-2023,3,"The  product  is  okay,  but  the  instructions  were    unclear."
637,17,7,21-08-2024,3,"Good  quality,  but  could  be  cheaper."
640,23,14,09-08-2024,3,"The  product  is  okay,    but  the  instructions  were  unclear."
656,17,11,22-07-2024,3,"Good  quality,    but  could  be  cheaper."
664,31,16,11-08-2025,3,"The  product  is  okay,  but  the  instructions  were  unclear."
666,53,19,25-05-2024,3,Not    worth  the  money.
671,24,5,28-03-2023,3,"The  product  is  okay,  but  the  instructions  were  unclear."
674,29,1,30-08-2023,3,"The  product  is  okay,  but  the  instructions  were  unclear."
678,49,9,19-05-2025,3,"Average  experience,  nothing  special."
683,22,10,06-04-2025,3,"Good  quality,  but  could  be  cheaper."
691,40,7,27-07-2024,3,Five  stars  for  the  quick  delivery.
692,64,10,22-12-2023,3,Not  worth  the    money.
694,27,13,05-07-2024,3,"Average  experience,  nothing  special."
698,4,18,28-06-2023,3,"The  product  is  okay,  but  the  instructions  were  unclear."
699,42,19,30-01-2023,3,Not  worth  the  money.
702,92,3,06-02-2025,3,Not  worth  the  money.
712,53,17,17-09-2024,3,Not  worth  the  money.
716,64,2,12-08-2023,3,"Good  quality,  but  could  be  cheaper."
727,39,1,24-09-2025,3,"Average  experience,  nothing  special."
737,45,15,11-10-2023,3,Not  worth  the  money.
739,70,18,05-07-2023,3,"Average  experience,  nothing  special."
741,3,9,24-05-2025,3,Not    worth  the  money.
742,84,7,03-03-2025,3,"Good  quality,  but  could  be  cheaper."
743,89,3,15-05-2023,3,Not  worth  the  money.
744,63,19,31-03-2023,3,Not  worth  the  money.
748,100,13,15-09-2025,3,"Great  purchase,    very  satisfied."
760,100,5,18-12-2025,3,Not    worth  the  money.
761,49,16,17-03-2025,3,Customer  support  was  very  helpful.
763,54,16,16-08-2023,3,"The  product  is  okay,  but  the  instructions  were  unclear."
787,59,5,08-08-2024,3,"Average  experience,  nothing  special."
788,83,15,16-05-2025,3,Customer  support  was    very  helpful.
791,11,18,27-06-2023,3,"Average  experience,  nothing    special."
792,88,14,29-07-2023,3,"The  product  is    okay,  but  the  instructions  were  unclear."
799,96,9,17-07-2025,3,"Average  experience,  nothing  special."
804,16,8,22-09-2025,3,"Good  quality,  but  could  be  cheaper."
807,68,8,06-03-2025,3,"The  product  is  okay,  but  the  instructions  were  unclear."
808,49,6,12-12-2025,3,"Good  quality,  but  could  be    cheaper."
811,10,2,28-01-2024,3,"The  product  is  okay,  but  the  instructions  were  unclear."
814,93,3,28-10-2024,3,Not  worth  the  money.
817,6,15,17-11-2024,3,Five  stars  for  the  quick  delivery.
818,55,20,11-12-2023,3,"Average  experience,  nothing    special."
820,47,19,10-04-2023,3,Not  worth  the  money.
821,98,12,19-10-2025,3,"The  product  is  okay,  but  the  instructions  were  unclear."
824,77,13,30-07-2024,3,"Good  quality,  but  could  be  cheaper."
831,48,17,30-08-2025,3,Not  worth  the  money.
832,44,17,23-04-2024,3,"Average  experience,  nothing  special."
841,88,10,25-08-2023,3,"The  product  is  okay,  but  the  instructions  were  unclear."
845,89,7,26-07-2023,3,"The  product  is  okay,  but  the  instructions  were  unclear."
853,42,11,19-05-2023,3,"The  product  is  okay,  but    the  instructions  were  unclear."
858,92,17,05-05-2025,3,"Average  experience,  nothing  special."
860,27,5,26-01-2025,3,Not  worth    the  money.
863,93,5,05-07-2025,3,"The  product  is  okay,  but  the    instructions  were  unclear."
870,19,2,19-03-2023,3,"Average  experience,  nothing  special."
877,78,14,28-08-2024,3,"The  product  is  okay,  but  the  instructions  were  unclear."
891,48,9,26-02-2025,3,Not  worth  the  money.
894,82,4,23-06-2023,3,"The  product  is  okay,  but  the  instructions  were  unclear."
900,10,5,04-04-2025,3,"The  product  is  okay,  but  the  instructions  were    unclear."
908,37,9,28-03-2025,3,Not  worth  the  money.
918,50,4,09-09-2024,3,"The  product    is  okay,  but  the  instructions  were  unclear."
924,62,19,20-12-2024,3,Customer  support    was  very  helpful.
933,83,12,11-01-2023,3,Not  worth  the  money.
969,48,4,09-04-2023,3,"The  product  is  okay,  but  the  instructions  were  unclear."
970,43,2,26-05-2024,3,Not  worth  the  money.
975,84,15,12-06-2023,3,Not  worth  the  money.
977,44,10,28-06-2023,3,"Good  quality,  but  could    be  cheaper."
981,48,10,13-05-2023,3,"The  product  is    okay,  but  the  instructions  were  unclear."
984,88,11,23-08-2023,3,"The  product  is  okay,  but  the    instructions  were  unclear."
992,77,2,16-08-2023,3,Not  worth  the  money.
995,17,8,29-07-2025,3,"The  product  is  okay,  but  the  instructions  were  unclear."
1001,72,13,06-12-2023,3,"The  product  is  okay,  but  the  instructions  were  unclear."
1008,60,13,05-09-2025,3,"Average  experience,  nothing  special."
1010,3,3,17-05-2025,3,"Good  quality,  but  could  be  cheaper."
1020,100,5,02-09-2025,3,"Average  experience,  nothing  special."
1022,71,5,23-01-2025,3,Not    worth  the  money.
1024,85,19,05-11-2025,3,Shipping  was  fast  and  the  item  was  well-packaged.
1025,31,16,17-02-2025,3,"Good  quality,  but  could    be  cheaper."
1026,90,12,10-11-2023,3,"Good  quality,  but  could  be  cheaper."
1027,22,14,20-07-2025,3,Not    worth  the  money.
1028,66,3,17-04-2023,3,"Good  quality,  but  could  be  cheaper."
1029,66,6,14-11-2025,3,"The  product  is  okay,  but  the  instructions  were  unclear."
1031,28,1,22-05-2024,3,"Average  experience,  nothing  special."
1038,22,13,28-05-2024,3,Not  worth    the  money.
1039,15,1,25-11-2024,3,Five  stars  for  the  quick  delivery.
1042,68,1,06-10-2023,3,Not  worth  the  money.
1045,33,19,14-12-2024,3,"The  product  is    okay,  but  the  instructions  were  unclear."
1048,25,17,18-11-2025,3,Customer  support  was  very  helpful.
1054,82,17,27-03-2024,3,"The  product  is  okay,  but  the  instructions  were  unclear."
1055,17,7,18-10-2024,3,"Average  experience,    nothing  special."
1057,49,17,13-09-2024,3,Shipping  was  fast  and  the  item  was  well-packaged.
1058,32,16,16-11-2024,3,"Great  purchase,  very  satisfied."
1060,15,10,05-05-2023,3,"Good  quality,  but  could  be    cheaper."
1064,32,16,02-09-2024,3,"The    product  is  okay,  but  the  instructions  were  unclear."
1070,23,20,16-08-2025,3,Not  worth  the  money.
1072,51,2,15-02-2023,3,Not  worth  the  money.
1079,73,16,19-06-2025,3,"Good  quality,  but  could  be  cheaper."
1084,99,12,29-10-2023,3,"Good  quality,  but  could  be  cheaper."
1087,35,10,27-07-2023,3,"The  product  is  okay,  but  the  instructions  were  unclear."
1089,54,12,12-04-2024,3,"The  product  is  okay,  but  the  instructions  were  unclear."
1093,25,8,24-10-2025,3,"Average  experience,  nothing  special."
1104,39,6,06-08-2023,3,Not  worth  the  money.
1105,20,16,19-03-2023,3,"Good    quality,  but  could  be  cheaper."
1110,38,8,26-04-2024,3,Not  worth  the  money.
1111,91,16,25-01-2024,3,"Good  quality,    but  could  be  cheaper."
1113,28,3,23-11-2024,3,"The  product  is  okay,  but  the  instructions  were  unclear."
1115,82,4,12-10-2023,3,"Good  quality,  but  could  be    cheaper."
1123,68,20,02-06-2024,3,"The  product  is    okay,  but  the  instructions  were  unclear."
1132,68,9,22-12-2023,3,"Average  experience,  nothing  special."
1137,73,5,19-01-2025,3,Five  stars  for  the  quick  delivery.
1138,81,4,23-12-2024,3,The  quality  is  top-notch.
1139,18,5,28-02-2024,3,"Average  experience,  nothing  special."
1149,67,13,24-12-2023,3,Not  worth  the  money.
1152,23,14,05-11-2025,3,Customer    support  was  very  helpful.
1156,79,18,16-06-2024,3,"Good  quality,  but  could  be  cheaper."
1163,15,11,04-10-2023,3,"Good  quality,  but  could  be  cheaper."
1164,69,3,04-01-2023,3,"Good  quality,  but  could  be  cheaper."
1177,45,10,28-12-2023,3,"Average  experience,  nothing  special."
1179,84,7,31-07-2025,3,Not  worth  the  money.
1181,28,8,25-02-2025,3,"Good  quality,  but  could  be  cheaper."
1183,91,4,06-02-2023,3,"Average  experience,  nothing  special."
1189,32,20,28-12-2023,3,Not  worth  the  money.
1192,80,19,21-05-2024,3,"Average  experience,  nothing  special."
1194,11,13,01-03-2023,3,Not  worth  the  money.
1202,28,17,28-04-2023,3,Not  worth  the    money.
1222,57,6,23-05-2025,3,"I  love  this  product,  will  buy    again!"
1223,18,16,12-11-2025,3,"Great  purchase,  very  satisfied."
1233,73,5,13-03-2024,3,"The  product  is    okay,  but  the  instructions  were  unclear."
1234,37,8,21-02-2024,3,"Good  quality,  but  could  be  cheaper."
1240,66,5,28-02-2025,3,"Good  quality,  but  could  be  cheaper."
1241,62,17,11-03-2024,3,"Good  quality,  but  could  be  cheaper."
1245,60,5,19-12-2025,3,Not  worth  the  money.
1249,72,5,23-01-2025,3,"Average    experience,  nothing  special."
1251,20,2,10-06-2024,3,"Good  quality,  but  could  be  cheaper."
1253,68,3,30-06-2024,3,Not  worth    the  money.
1259,66,15,13-06-2023,3,"Average  experience,  nothing  special."
1263,48,9,20-09-2023,3,"Average    experience,  nothing  special."
1268,60,6,06-10-2023,3,Not  worth    the  money.
1279,54,8,13-09-2025,3,"Good  quality,  but  could  be  cheaper."
1280,88,19,18-01-2023,3,Not  worth  the  money.
1283,67,2,24-09-2024,3,"The    product  is  okay,  but  the  instructions  were  unclear."
1289,52,7,30-09-2023,3,"Good  quality,  but  could  be  cheaper."
1290,30,6,01-04-2024,3,"The  product  is  okay,  but  the  instructions  were  unclear."
1297,87,5,14-08-2024,3,"Average  experience,  nothing  special."
1302,20,11,29-11-2023,3,"Good  quality,  but  could  be  cheaper."
1304,77,15,09-05-2024,3,"Average  experience,  nothing  special."
1307,36,13,16-05-2024,3,"Average    experience,  nothing  special."
1310,96,17,19-11-2025,3,"Good    quality,  but  could  be  cheaper."
1318,28,1,13-02-2024,3,"Average  experience,  nothing  special."
1325,66,12,07-08-2024,3,"I  love  this  product,  will  buy  again!"
1333,6,3,06-12-2023,3,"The  product  is  okay,  but  the  instructions  were  unclear."
1337,89,4,09-10-2023,3,"Average  experience,  nothing  special."
1340,62,7,10-07-2025,3,Not  worth    the  money.
1350,69,9,01-02-2024,3,"The  product  is  okay,  but  the  instructions  were  unclear."
1358,90,10,16-01-2024,3,Not  worth    the  money.
1359,28,4,25-05-2023,3,Not  worth  the  money.
12,77,2,13-01-2025,2,Product  did    not  meet  my  expectations.
57,41,10,06-04-2024,2,Disappointed  with  the  performance.
58,78,7,16-07-2024,2,"The  product    is  okay,  but  the  instructions  were  unclear."
62,35,17,18-03-2023,2,"Average  experience,  nothing  special."
79,84,15,28-05-2024,2,The  product  arrived    late.
99,79,16,29-01-2025,2,"Average  experience,  nothing  special."
105,32,12,27-08-2024,2,The  product    arrived  late.
106,94,17,25-02-2024,2,"Average  experience,  nothing  special."
113,27,9,31-03-2024,2,Disappointed  with  the  performance.
114,52,19,04-05-2025,2,"Average  experience,  nothing  special."
121,91,1,02-11-2025,2,"Good  quality,  but  could  be  cheaper."
122,83,14,27-09-2024,2,Not  worth  the  money.
128,71,20,13-12-2023,2,"Average  experience,  nothing  special."
132,21,7,13-11-2025,2,Product  did  not  meet  my  expectations.
147,100,20,25-01-2025,2,"Average  experience,  nothing  special."
157,10,17,14-10-2025,2,The  product  arrived  late.
160,71,9,02-01-2024,2,Not  worth  the  money.
161,9,18,05-08-2025,2,The  product  arrived    late.
164,25,19,16-03-2024,2,Product  did  not    meet  my  expectations.
167,28,16,02-08-2023,2,Product  did  not  meet    my  expectations.
185,8,6,13-11-2023,2,Product  did  not  meet  my  expectations.
189,83,7,13-03-2025,2,The  product    arrived  late.
201,59,6,23-05-2023,2,Not  worth  the  money.
210,28,1,10-12-2023,2,The  product  arrived  late.
215,55,10,07-01-2024,2,Product  did  not  meet  my  expectations.
220,78,9,12-08-2025,2,Disappointed  with  the  performance.
226,60,9,23-08-2023,2,The  product  arrived  late.
228,20,19,23-10-2025,2,"The  product  is  okay,  but  the  instructions  were  unclear."
230,54,11,19-10-2023,2,The  product  arrived  late.
233,81,4,14-11-2024,2,The  product  arrived  late.
290,20,14,23-09-2024,2,"Average  experience,  nothing  special."
300,22,18,09-05-2023,2,Disappointed  with  the  performance.
312,90,3,05-11-2023,2,The  product  arrived  late.
314,22,17,06-10-2025,2,Product  did  not  meet  my  expectations.
328,100,13,20-02-2024,2,Not  worth  the  money.
336,8,8,07-02-2024,2,The  product  arrived  late.
338,98,4,22-01-2023,2,The  product  arrived  late.
341,62,3,04-11-2024,2,Not  worth  the  money.
348,52,13,05-03-2024,2,Not  worth  the  money.
354,50,18,03-01-2024,2,"Average  experience,  nothing  special."
355,59,9,04-03-2024,2,"Average  experience,  nothing  special."
371,29,1,20-01-2024,2,Product  did  not  meet  my  expectations.
378,64,9,20-03-2024,2,The  product  arrived    late.
393,6,20,18-04-2024,2,Product  did  not  meet  my  expectations.
407,79,11,12-01-2023,2,Disappointed  with  the    performance.
415,97,8,04-06-2025,2,Disappointed  with  the    performance.
423,76,18,01-08-2023,2,Product  did  not  meet  my  expectations.
425,89,6,04-03-2025,2,Not  worth  the  money.
430,99,9,03-08-2025,2,"Average  experience,  nothing  special."
456,2,1,09-01-2024,2,Product  did  not  meet  my  expectations.
483,28,20,29-06-2024,2,The  product  arrived  late.
492,94,20,19-03-2025,2,"The  product  is  okay,  but  the  instructions  were  unclear."
500,57,9,20-12-2025,2,Not  worth  the  money.
502,5,1,10-11-2025,2,Product    did  not  meet  my  expectations.
503,5,16,03-07-2024,2,Product  did  not  meet    my  expectations.
506,80,8,19-10-2025,2,"Average  experience,    nothing  special."
514,72,15,18-06-2023,2,"Average  experience,  nothing  special."
521,47,5,31-03-2024,2,Product  did  not  meet  my  expectations.
536,33,19,29-12-2024,2,Not  worth  the  money.
554,18,1,16-08-2024,2,The  product  arrived  late.
586,7,17,11-04-2023,2,Not  worth  the  money.
594,14,4,01-10-2025,2,Not  worth  the  money.
600,65,3,11-01-2025,2,Not  worth    the  money.
611,6,4,06-12-2023,2,"Average  experience,  nothing  special."
621,70,14,13-05-2025,2,The  product  arrived  late.
633,52,3,26-12-2023,2,The    product  arrived  late.
638,63,16,23-08-2025,2,"Good  quality,  but  could  be  cheaper."
642,53,17,28-04-2025,2,Disappointed  with  the  performance.
649,8,17,05-02-2025,2,Not  worth  the  money.
661,40,18,20-09-2025,2,"Average  experience,  nothing  special."
665,99,12,03-01-2024,2,Product  did  not  meet  my  expectations.
675,24,9,07-02-2025,2,Not  worth  the  money.
679,10,8,29-09-2025,2,Not  worth  the  money.
684,92,12,12-01-2025,2,Product  did  not  meet  my  expectations.
687,86,17,16-07-2023,2,Not  worth  the  money.
707,96,16,08-08-2024,2,Not  worth  the  money.
719,24,4,03-12-2025,2,"The  product  is  okay,  but  the  instructions  were  unclear."
721,4,15,25-09-2024,2,Not    worth  the  money.
723,84,7,22-11-2023,2,The  product  arrived  late.
740,33,5,05-02-2025,2,"Good  quality,  but  could  be  cheaper."
749,64,13,28-06-2025,2,Not  worth  the  money.
758,53,1,23-05-2024,2,"Average  experience,  nothing    special."
759,21,16,13-12-2024,2,Product  did  not  meet  my  expectations.
773,17,14,21-06-2024,2,Disappointed  with  the  performance.
784,22,16,09-12-2024,2,"The  product  is  okay,  but  the  instructions  were  unclear."
798,95,13,22-08-2023,2,"Average  experience,  nothing  special."
801,36,10,09-01-2023,2,Not  worth  the  money.
805,76,20,28-10-2024,2,Not  worth  the  money.
809,37,17,20-08-2023,2,Product  did  not  meet  my    expectations.
810,56,2,24-06-2025,2,Disappointed  with  the  performance.
830,61,19,23-07-2025,2,"Average  experience,  nothing    special."
834,74,1,21-09-2025,2,"Average    experience,  nothing  special."
843,51,13,28-08-2025,2,Not  worth    the  money.
849,78,10,01-02-2025,2,"Good  quality,  but  could  be  cheaper."
855,2,7,08-01-2024,2,Not  worth  the  money.
862,4,10,17-01-2025,2,Disappointed  with  the  performance.
872,96,3,14-04-2025,2,Product  did    not  meet  my  expectations.
878,24,10,26-05-2025,2,"Average  experience,  nothing  special."
887,38,10,17-03-2025,2,"Average  experience,  nothing  special."
897,48,5,05-01-2025,2,"The  product  is  okay,  but  the  instructions  were  unclear."
905,82,4,05-05-2024,2,Not    worth  the  money.
912,100,2,27-10-2025,2,Disappointed  with  the  performance.
916,40,5,05-10-2024,2,Not  worth  the  money.
946,96,7,28-08-2023,2,Disappointed  with  the  performance.
947,86,18,02-11-2025,2,"Average  experience,  nothing  special."
951,80,15,11-07-2024,2,Not  worth  the  money.
956,33,2,26-10-2024,2,"Average  experience,  nothing  special."
963,36,6,17-11-2023,2,Product  did  not  meet  my  expectations.
980,92,14,14-07-2023,2,"Average  experience,  nothing  special."
985,78,11,23-10-2025,2,Not  worth  the  money.
993,27,12,10-01-2025,2,"Good  quality,  but  could  be  cheaper."
1009,31,3,21-11-2025,2,"The  product  is  okay,  but  the  instructions  were    unclear."
1012,26,3,25-02-2025,2,Not    worth  the  money.
1015,25,2,05-03-2023,2,Not  worth  the  money.
1016,30,16,27-08-2025,2,Product  did  not  meet  my  expectations.
1018,44,20,29-07-2024,2,Not  worth    the  money.
1036,24,7,16-08-2025,2,Disappointed  with  the  performance.
1051,63,5,16-03-2024,2,The  product  arrived  late.
1056,68,17,14-09-2023,2,Not  worth  the  money.
1059,67,2,23-12-2023,2,Not  worth  the  money.
1068,61,15,16-08-2025,2,"The  product  is  okay,  but  the  instructions  were  unclear."
1091,72,2,28-01-2024,2,The  product    arrived  late.
1094,48,11,04-07-2023,2,Not  worth  the  money.
1097,47,12,15-10-2023,2,"Average  experience,  nothing  special."
1119,99,4,19-01-2024,2,Product  did  not  meet  my  expectations.
1120,4,17,30-09-2024,2,"Average  experience,  nothing  special."
1125,100,12,20-07-2025,2,"Good  quality,  but  could  be  cheaper."
1126,10,19,19-03-2025,2,Not  worth  the  money.
1140,28,12,07-03-2023,2,Disappointed  with  the  performance.
1154,9,19,09-07-2023,2,Disappointed  with  the  performance.
1162,55,10,08-06-2024,2,The  product  arrived  late.
1171,49,4,12-01-2024,2,"Average  experience,  nothing  special."
1212,82,19,11-10-2024,2,Not  worth  the  money.
1215,68,7,28-03-2025,2,Product  did  not  meet  my  expectations.
1220,25,8,26-01-2023,2,The  product  arrived  late.
1225,93,8,08-08-2024,2,The  product  arrived  late.
1231,81,7,02-09-2024,2,Product  did  not  meet  my  expectations.
1247,79,6,08-08-2024,2,"Average  experience,  nothing  special."
1256,80,4,12-08-2025,2,Disappointed  with  the  performance.
1262,46,17,26-08-2024,2,Disappointed  with    the  performance.
1276,52,10,05-11-2024,2,"Good  quality,  but    could  be  cheaper."
1282,7,19,24-04-2023,2,The  product  arrived  late.
1287,69,17,04-10-2024,2,Product  did  not  meet  my  expectations.
1316,40,20,24-05-2025,2,"The  product  is  okay,  but  the  instructions  were  unclear."
1321,32,3,25-02-2025,2,The  product  arrived  late.
1327,37,9,20-05-2025,2,"Average  experience,  nothing  special."
1329,45,19,03-01-2024,2,Not  worth  the  money.
1330,24,12,31-05-2025,2,Not  worth  the  money.
1338,44,13,01-02-2025,2,Disappointed  with  the  performance.
1341,64,7,21-06-2023,2,"Average  experience,  nothing    special."
1346,47,6,14-10-2024,2,The  product  arrived  late.
1360,58,12,13-11-2023,2,"Average    experience,  nothing  special."
1363,16,4,16-07-2024,2,The  product  arrived  late.
20,34,6,29-04-2023,1,I  had  a  bad  experience  with  this  product.
50,62,4,07-01-2023,1,The  product  stopped  working  after  a  month.
65,34,3,15-06-2024,1,Not  worth  the  money.
118,59,6,01-05-2024,1,The  product  arrived  late.
148,17,18,05-11-2024,1,"Average  experience,  nothing  special."
194,7,7,19-05-2025,1,The  product  arrived  late.
212,87,10,03-01-2023,1,"Terrible  customer  service,  would  not  buy  again."
243,24,11,17-02-2023,1,I  had  a  bad  experience  with  this  product.
249,75,2,04-01-2023,1,"Not    satisfied,  the  product  broke  after  a  week."
250,22,11,21-09-2023,1,The  product  stopped  working  after  a  month.
270,46,6,25-09-2023,1,The  color  was  different  from  what  was  shown.
299,93,13,01-02-2024,1,Product  did  not  meet  my  expectations.
347,75,16,19-08-2025,1,Disappointed    with  the  performance.
356,86,14,23-11-2023,1,The  product  arrived  late.
368,34,8,11-05-2025,1,"Not  satisfied,  the  product  broke  after  a  week."
373,92,14,12-07-2025,1,"Average  experience,  nothing  special."
374,89,12,08-02-2023,1,The  product    stopped  working  after  a  month.
388,99,1,10-12-2025,1,Disappointed  with  the  performance.
410,83,1,11-01-2023,1,Product  did  not  meet  my  expectations.
418,94,2,02-03-2025,1,"Not  satisfied,  the  product  broke  after  a    week."
419,68,6,01-09-2025,1,The  color  was  different  from  what  was  shown.
441,12,6,03-09-2023,1,Product  did    not  meet  my  expectations.
442,28,8,06-04-2025,1,The  product  stopped  working  after  a  month.
465,43,12,14-12-2025,1,Disappointed    with  the  performance.
473,7,19,03-08-2024,1,The  product  arrived  late.
484,36,10,22-08-2023,1,The  product  arrived  late.
487,78,3,01-05-2025,1,I  had  a  bad  experience  with  this  product.
511,55,15,01-04-2025,1,Not    worth  the  money.
522,8,10,04-08-2023,1,Product    did  not  meet  my  expectations.
542,49,5,11-07-2023,1,"Not    satisfied,  the  product  broke  after  a  week."
547,28,11,28-05-2024,1,The  product  arrived  late.
561,6,5,27-02-2025,1,The  product  stopped  working  after  a  month.
565,60,20,30-06-2024,1,"Terrible  customer  service,  would  not    buy  again."
641,58,9,05-01-2024,1,I  had  a  bad  experience  with  this  product.
654,46,8,01-01-2023,1,The  color  was  different  from  what  was  shown.
658,3,18,16-06-2025,1,Not  worth  the    money.
682,80,11,05-01-2023,1,"Not  satisfied,  the  product  broke  after  a  week."
685,86,14,22-03-2024,1,The  color  was  different  from  what  was  shown.
718,30,20,19-05-2023,1,"Terrible  customer  service,  would  not  buy  again."
729,99,9,17-03-2023,1,Not  worth  the  money.
752,7,12,11-10-2024,1,Not  worth  the  money.
764,84,11,08-07-2024,1,"Terrible  customer  service,  would  not  buy  again."
765,74,18,11-12-2024,1,Disappointed  with  the  performance.
815,72,6,19-11-2025,1,I  had  a  bad  experience    with  this  product.
825,21,18,10-01-2023,1,"Not  satisfied,  the  product  broke  after  a  week."
836,52,9,25-10-2023,1,Product  did    not  meet  my  expectations.
847,6,5,29-05-2025,1,"Terrible  customer  service,  would  not  buy  again."
848,6,18,08-03-2023,1,The  product  stopped  working  after  a  month.
867,7,8,20-07-2023,1,"Terrible  customer  service,  would  not  buy  again."
876,10,19,19-06-2024,1,The  product  stopped  working  after  a  month.
888,83,4,05-01-2023,1,I  had  a  bad  experience  with  this  product.
890,59,5,25-07-2024,1,Product  did  not  meet  my  expectations.
911,93,6,27-06-2024,1,Product  did    not  meet  my  expectations.
915,55,5,21-12-2024,1,I  had  a  bad  experience  with  this  product.
919,37,18,14-02-2025,1,"Terrible  customer  service,  would  not  buy  again."
925,2,20,10-02-2025,1,"Terrible  customer  service,  would    not  buy  again."
949,55,15,25-08-2025,1,Product  did    not  meet  my  expectations.
958,45,1,17-08-2023,1,Not  worth  the  money.
1034,34,19,04-02-2024,1,Not  worth  the  money.
1046,45,8,17-05-2025,1,The  product  arrived  late.
1108,50,3,03-05-2023,1,The  product  stopped  working  after  a  month.
1135,77,12,26-10-2024,1,Product  did  not  meet  my  expectations.
1157,13,12,16-07-2025,1,The  product  stopped  working  after  a  month.
1178,43,6,08-09-2024,1,I  had  a  bad  experience  with  this  product.
1190,16,4,19-08-2024,1,The    product  arrived  late.
1197,70,15,30-10-2024,1,The  product  arrived  late.
1237,94,17,20-10-2024,1,"Not  satisfied,  the  product  broke  after  a  week."
1250,11,10,23-10-2025,1,Not  worth  the  money.
1274,24,1,14-08-2025,1,Not  worth  the  money.
1284,2,12,04-10-2025,1,Not  worth  the  money.
1305,24,4,26-01-2025,1,The    product  arrived  late.
1317,24,8,08-11-2025,1,The  product  arrived  late.
1319,84,6,20-07-2024,1,Product  did  not  meet  my    expectations.
1320,74,10,26-11-2024,1,I  had  a  bad  experience  with  this  product.
1322,70,16,15-04-2024,1,Product  did  not  meet  my  expectations.
1323,61,17,27-10-2025,1,Product  did    not  meet  my  expectations.
1336,95,9,27-11-2023,1,"Not  satisfied,  the    product  broke  after  a  week."
1351,30,20,23-07-2023,1,"Not  satisfied,  the  product  broke    after  a  week."
1357,23,17,03-01-2024,1,"Terrible    customer  service,  would  not  buy  again."
1362,99,2,03-12-2025,1,Product  did  not  meet  my  expectations.
